memory_initialization_radix=2;
memory_initialization_vector=
1111101111000000,
1111011010000110,
1111101110000000,
1111011010000111,
0100011000111110,
1111101000000000,
1000000000000000,
1111101001000000,
0000000000000000,
1111101010000000,
0111011010001100,
1111101011000000,
0000000000001010,
0000010010010011,
1111101111000000,
1111011010000111,
0100010111111000,
1111101110000000,
1111011010001000,
0100011000111110,
1111101110000000,
1111011010000111,
0100010111110000,
0100011000010111,
0001010111111000,
0100011000111110,
1111101110000000,
1111011010000111,
0100010111110000,
0100011000001111,
0001010111111000,
0100011000111110,
1111101110000000,
1111011010000111,
0100010111110000,
0100011000000111,
0001010111111000,
0100011000111110,
1111101111000000,
0000000010011000,
0100001110000111,
1111101000000000,
1000000000000000,
1111101001000000,
0000000000000000,
1111101010000000,
0000001001011000,
1111101111000000,
1111011010000111,
0100010111111000,
1111101110000000,
1111011010001000,
0100011000111110,
1111101110000000,
1111011010000111,
0100010111110000,
0100011000010111,
0001010111111000,
0100011000111110,
1111101110000000,
1111011010000111,
0100010111110000,
0100011000001111,
0001010111111000,
0100011000111110,
1111101110000000,
1111011010000111,
0100010111110000,
0100011000000111,
0001010111111000,
0100011000111110,
1111101111000000,
0000000010011000,
0100001110000111,
1111101000000000,
0000000000000000,
1111101111000000,
1000000000000000,
1111101110000000,
0000000000010101,
0000001111111110,
0100011000000111,
1111101000000000,
0000000000000001,
1111101111000000,
1000000000000000,
1111101110000000,
0000000000010110,
0000001111111110,
0100011000000111,
0100101000000000,
0010010111011000,
1111101111000000,
1111011010001001,
0100011000110111,
1111101110000000,
1111011010000111,
0100010111110000,
0000010111111011,
0100011000111110,
1111101111000000,
1111011010001000,
0100010101111000,
1111101110000000,
1111011010000111,
0100010111110000,
0100011000101111,
0001010111111000,
0100011000111110,
1111101111000000,
1111011010001001,
0100010101111000,
1111101110000000,
1111011010000111,
0100010111110000,
0100011000101111,
0001010111111000,
0100011000111110,
0100000100000000,
1111101110000000,
1111011010000111,
0100010111110000,
0001001111111000,
0100010100111000,
0100011000111110,
1111101110000000,
1111011010000111,
0100010111110000,
0001001111111000,
0100010101111000,
0100011000111110,
1111101011000000,
1111011010000111,
0100011000101011,
0100000100000000,
1111101011000000,
0000000000000000,
1111101111000000,
0000000001011100,
0100001100000111,
1111101111000000,
0000000010010110,
0011010111001000,
0100010011000000,
0100011000011010,
0001001000000000,
0001001010010000,
0001010001001000,
0100101000000000,
0000000010001110,
0100101000000000,
0000000001110111,
1111101011000000,
0000000000000000,
1111101111000000,
0000000001011100,
0100001100000111,
1111101111000000,
1111011010000111,
0100010110111000,
1111101111000000,
0000000000000011,
0000001111110111,
0100010000111000,
0001001111111000,
0100010001111000,
0001001111111000,
0100010010111000,
1111101111000000,
0000000010110000,
0011010111010000,
0100011000001000,
0001001000000000,
0001010010010000,
0100101000000000,
0000000010101010,
0100101000000000,
0000000001110111,
0000000000000100,
0000000000000001,
0000000000000011,
0000000000000010,
0000000000000010,
0000000000000011,
0000000000000001,
0000000000000100,
1111101011000000,
0000000000000000,
1111101111000000,
0000000001011100,
0100001100000111,
1111101111000000,
1111011010000111,
0100010110111000,
1111101111000000,
0000000000000011,
0000001111110111,
0100010001111000,
1111101111000000,
0000000011010101,
1111101110000000,
0000000000000000,
0010110000110000,
0100010010001000,
0010100011110010,
0011010111011000,
0001001000000000,
0010011011110010,
0011010111011000,
0001001000000000,
0001001001001000,
0100101000000000,
0000000011001011,
0100101000000000,
0000000001110111,
1111101011000000,
0000000000000000,
1111101111000000,
0000000001011100,
0100001100000111,
1111101111000000,
1111011010000111,
0100010110111000,
1111101000000000,
1111101100111100,
1111101111000000,
0000000000000011,
0000001111110111,
0100010100111000,
0010011100100100,
1111101001000000,
0000010010110000,
0000001101000001,
0000010001000101,
1111101111000000,
0000000011110001,
0011010111001000,
0100011000100000,
0001001000000000,
0100101000000000,
0000000011101001,
0100101000000000,
0000000001110111,
1111101011000000,
0000000000000000,
1111101111000000,
0000000001011100,
0100001100000111,
1111101111000000,
1111011010000111,
0100010110111000,
1111101111000000,
0000000000000011,
0000001111110111,
0100010000111000,
1111101111000000,
0000000000000100,
0000001111110111,
0100010001111000,
1111101111000000,
0000000000000101,
0000001111110111,
0100010010111000,
1111101111000000,
0000000000000110,
0000001111110111,
0100010011111000,
1111101111000000,
0000000000000111,
0000001111110111,
0100010100111000,
1111101111000000,
0000000000101000,
0000111001001111,
0000001001001000,
1111101110000000,
0000010010110000,
1111101111000000,
0000000100011010,
0101001111001110,
0100101000000000,
0000000001110111,
1111101110000000,
1111101100111100,
0000001001001110,
1111101111000000,
0000000000001111,
0001011011011111,
0001011100100111,
1111101111000000,
0000000000001100,
0001111011011111,
1111101111000000,
0000000000001000,
0001111100100111,
0001100000011100,
0001100000000010,
0100011000000001,
0100101000000000,
0000000001110111,
1111101011000000,
0000000000000000,
1111101111000000,
0000000001011100,
0100001100000111,
1111101111000000,
1111011010000111,
0100010110111000,
1111101111000000,
0000000000000011,
0000001111110111,
0100010000111000,
1111101111000000,
0000000000000100,
0000001111110111,
0100010001111000,
1111101111000000,
0000000000000101,
0000001111110111,
0100010010111000,
1111101111000000,
0000000000000111,
0000001111110111,
0100010011111000,
1111101111000000,
0000000000000110,
0000001111110111,
0100010100111000,
1111101111000000,
0000000000001111,
0001011011011111,
1111101111000000,
0000000000001000,
0001111011011111,
1111101111000000,
0000000000001111,
0001011100100111,
1111101111000000,
0000000000001100,
0001111100100111,
0001100110011100,
1111101100000000,
0000000000101000,
0000101100100010,
0000001100100001,
1111101111000000,
1111101100111100,
0000001100100111,
1111101101000000,
0000010010110000,
0000001101101111,
1111101011000000,
0000000000000000,
0000010001100101,
1111101111000000,
0000000110000001,
0011010111001000,
1111101001000000,
0000000000000000,
0100010010000000,
1111101111000000,
0000000101101110,
0011011111011000,
0010100001001010,
0100101000000000,
0000000101101111,
0010011001001010,
1111101111000000,
0000000110000001,
0011010111001000,
1111101111000000,
0000000000100000,
0000010001001111,
0000001001001110,
0100011000001100,
0001001100100000,
0001101011011000,
1111101111000000,
0000000101111110,
0011010111011000,
0100101000000000,
0000000101100001,
0001001000000000,
0100101000000000,
0000000101100001,
0100101000000000,
0000000001110111,
1111101011000000,
0000000000000000,
1111101111000000,
0000000001011100,
0100001100000111,
1111101111000000,
1111011010000111,
0100010110111000,
1111101111000000,
0000000000000011,
0000001111110111,
0100010000111000,
1111101111000000,
1111011010000111,
0100010111111000,
1111101110000000,
1111011010001000,
0100011000111110,
1111101110000000,
1111011010000111,
0100010111110000,
0100011000000111,
0001010111111000,
0100011000111110,
1111101111000000,
0000000010111010,
0100001110000111,
1111101111000000,
0000000000000001,
1111101110000000,
0000000000101000,
0000010000110000,
0010000000000111,
1111101111000000,
1111011010000111,
0100010110111000,
1111101111000000,
0000000000000011,
0000001111110111,
0100010001111000,
1111101111000000,
0000000000000100,
0000001111110111,
0100010010111000,
1111101111000000,
0000000000000101,
0000001111110111,
0100010011111000,
1111101111000000,
0000000000000110,
0000001111110111,
0100010100111000,
1111101111000000,
1111011010000111,
0100010111111000,
1111101110000000,
1111011010001000,
0100011000111110,
1111101110000000,
1111011010000111,
0100010111110000,
0100011000100111,
0001010111111000,
0100011000111110,
1111101110000000,
1111011010000111,
0100010111110000,
0100011000011111,
0001010111111000,
0100011000111110,
1111101110000000,
1111011010000111,
0100010111110000,
0100011000010111,
0001010111111000,
0100011000111110,
1111101110000000,
1111011010000111,
0100010111110000,
0100011000000111,
0001010111111000,
0100011000111110,
1111101110000000,
1111011010000111,
0100010111110000,
0100011000001111,
0001010111111000,
0100011000111110,
1111101111000000,
0000000100101100,
0100001110000111,
0100101000000000,
0000000001110111,
0110000101010111,
0111010001101001,
0110111001101001,
0010000001100111,
0110111101100110,
0010000001110010,
0110010101010011,
0111011001110010,
0111001001100101,
0000000000000000,
0110000101010111,
0111010001101001,
0110111001101001,
0010000001100111,
0110111101100110,
0010000001110010,
0110110001000011,
0110010101101001,
0111010001101110,
0000000000000000,
1111101011000000,
0000000000000000,
1111101111000000,
0000000001011100,
0100001100000111,
1111101111000000,
1000000000000000,
1111101110000000,
0000000000010101,
0000001111111110,
0100010000111000,
1111101001000000,
0000000000000001,
1111101010000000,
0000000000000111,
1111101011000000,
0000000000000000,
1111101111000000,
0000001000001100,
0011010111000000,
1111101000000000,
0000000111101010,
0100101000000000,
0000001000001110,
1111101000000000,
0000000111100000,
1111101111000000,
1111011010000111,
0100010111111000,
1111101110000000,
1111011010001000,
0100011000111110,
1111101110000000,
1111011010000111,
0100010111110000,
0100011000011111,
0001010111111000,
0100011000111110,
1111101110000000,
1111011010000111,
0100010111110000,
0100011000010111,
0001010111111000,
0100011000111110,
1111101110000000,
1111011010000111,
0100010111110000,
0100011000001111,
0001010111111000,
0100011000111110,
1111101110000000,
1111011010000111,
0100010111110000,
0100011000001111,
0001010111111000,
0100011000111110,
1111101110000000,
1111011010000111,
0100010111110000,
0100011000000111,
0001010111111000,
0100011000111110,
1111101111000000,
0000000100101100,
0100001110000111,
0100101000000000,
0000000001110111,
0100100001000011,
0100111101001111,
0100010101010011,
0100010000100000,
0101011001000101,
0100001101001001,
0010000001000101,
0100111101001101,
0100010101000100,
0000000000000000,
0100010101010011,
0010000001000001,
0100000101000010,
0101010001010100,
0100010101001100,
0000000000000000,
0110001100100000,
0110100101101100,
0110111001100101,
0000000001110100,
0111001100100000,
0111001001100101,
0110010101110110,
0000000001110010,
0100001100111110,
0100100101001100,
0100111001000101,
0000000001010100,
0101001100111110,
0101001001000101,
0100010101010110,
0000000001010010,
0111001001010000,
0111001101100101,
0010000001110011,
0101000001010101,
0100010000101111,
0101011101001111,
0010000001001110,
0110111101110100,
0110001100100000,
0110000101101000,
0110011101101110,
0000000001100101,
0111001001010000,
0111001101100101,
0010000001110011,
0100111001000101,
0100010101010100,
0010000001010010,
0110111101110100,
0110001100100000,
0110111001101111,
0110100101100110,
0110110101110010,
0000000000000000,
1111101011000000,
0000000000000000,
1111101111000000,
0000000001011100,
0100001100000111,
1111101000000000,
0000001001000001,
1111101001000000,
0000000000000011,
1111101010000000,
0000000000000010,
1111101011000000,
0000000000001110,
1111101111000000,
1111011010000111,
0100010111111000,
1111101110000000,
1111011010001000,
0100011000111110,
1111101110000000,
1111011010000111,
0100010111110000,
0100011000011111,
0001010111111000,
0100011000111110,
1111101110000000,
1111011010000111,
0100010111110000,
0100011000010111,
0001010111111000,
0100011000111110,
1111101110000000,
1111011010000111,
0100010111110000,
0100011000001111,
0001010111111000,
0100011000111110,
1111101110000000,
1111011010000111,
0100010111110000,
0100011000000111,
0001010111111000,
0100011000111110,
1111101111000000,
0000000110000011,
0100001110000111,
1111101000000000,
0000001000110111,
1111101001000000,
0000000000000101,
1111101010000000,
0000000000000010,
1111101011000000,
0000000000000000,
1111101111000000,
1111011010000111,
0100010111111000,
1111101110000000,
1111011010001000,
0100011000111110,
1111101110000000,
1111011010000111,
0100010111110000,
0100011000011111,
0001010111111000,
0100011000111110,
1111101110000000,
1111011010000111,
0100010111110000,
0100011000010111,
0001010111111000,
0100011000111110,
1111101110000000,
1111011010000111,
0100010111110000,
0100011000001111,
0001010111111000,
0100011000111110,
1111101110000000,
1111011010000111,
0100010111110000,
0100011000000111,
0001010111111000,
0100011000111110,
1111101111000000,
0000000110000011,
0100001110000111,
1111101000000000,
0000001001010111,
1111101001000000,
0000000000011011,
1111101010000000,
0000000000001110,
1111101011000000,
0000000000000000,
1111101111000000,
1111011010000111,
0100010111111000,
1111101110000000,
1111011010001000,
0100011000111110,
1111101110000000,
1111011010000111,
0100010111110000,
0100011000011111,
0001010111111000,
0100011000111110,
1111101110000000,
1111011010000111,
0100010111110000,
0100011000010111,
0001010111111000,
0100011000111110,
1111101110000000,
1111011010000111,
0100010111110000,
0100011000001111,
0001010111111000,
0100011000111110,
1111101110000000,
1111011010000111,
0100010111110000,
0100011000000111,
0001010111111000,
0100011000111110,
1111101111000000,
0000000110000011,
0100001110000111,
1111101000000000,
0000001001100011,
1111101001000000,
0000000000011100,
1111101010000000,
0000000000001110,
1111101011000000,
0000000000000000,
1111101111000000,
1111011010000111,
0100010111111000,
1111101110000000,
1111011010001000,
0100011000111110,
1111101110000000,
1111011010000111,
0100010111110000,
0100011000011111,
0001010111111000,
0100011000111110,
1111101110000000,
1111011010000111,
0100010111110000,
0100011000010111,
0001010111111000,
0100011000111110,
1111101110000000,
1111011010000111,
0100010111110000,
0100011000001111,
0001010111111000,
0100011000111110,
1111101110000000,
1111011010000111,
0100010111110000,
0100011000000111,
0001010111111000,
0100011000111110,
1111101111000000,
0000000110000011,
0100001110000111,
1111101111000000,
1000000000000000,
1111101110000000,
0000000000010101,
0000001111111110,
0100010000111000,
1111101111000000,
0000001101110101,
0011010111000000,
1111101000000000,
0000001001000111,
1111101001000000,
0000000000001101,
1111101010000000,
0000000000000010,
1111101011000000,
0000000000000000,
1111101111000000,
1111011010000111,
0100010111111000,
1111101110000000,
1111011010001000,
0100011000111110,
1111101110000000,
1111011010000111,
0100010111110000,
0100011000011111,
0001010111111000,
0100011000111110,
1111101110000000,
1111011010000111,
0100010111110000,
0100011000010111,
0001010111111000,
0100011000111110,
1111101110000000,
1111011010000111,
0100010111110000,
0100011000001111,
0001010111111000,
0100011000111110,
1111101110000000,
1111011010000111,
0100010111110000,
0100011000000111,
0001010111111000,
0100011000111110,
1111101111000000,
0000000110000011,
0100001110000111,
1111101000000000,
0000001001010011,
1111101001000000,
0000000000010001,
1111101010000000,
0000000000000000,
1111101011000000,
0000000000000010,
1111101111000000,
1111011010000111,
0100010111111000,
1111101110000000,
1111011010001000,
0100011000111110,
1111101110000000,
1111011010000111,
0100010111110000,
0100011000011111,
0001010111111000,
0100011000111110,
1111101110000000,
1111011010000111,
0100010111110000,
0100011000010111,
0001010111111000,
0100011000111110,
1111101110000000,
1111011010000111,
0100010111110000,
0100011000001111,
0001010111111000,
0100011000111110,
1111101110000000,
1111011010000111,
0100010111110000,
0100011000000111,
0001010111111000,
0100011000111110,
1111101111000000,
0000000110000011,
0100001110000111,
0100101000000000,
0000000001110111,
1111101000000000,
0000001001001111,
1111101001000000,
0000000000001101,
1111101010000000,
0000000000000000,
1111101011000000,
0000000000000010,
1111101111000000,
1111011010000111,
0100010111111000,
1111101110000000,
1111011010001000,
0100011000111110,
1111101110000000,
1111011010000111,
0100010111110000,
0100011000011111,
0001010111111000,
0100011000111110,
1111101110000000,
1111011010000111,
0100010111110000,
0100011000010111,
0001010111111000,
0100011000111110,
1111101110000000,
1111011010000111,
0100010111110000,
0100011000001111,
0001010111111000,
0100011000111110,
1111101110000000,
1111011010000111,
0100010111110000,
0100011000000111,
0001010111111000,
0100011000111110,
1111101111000000,
0000000110000011,
0100001110000111,
1111101000000000,
0000001001001011,
1111101001000000,
0000000000010001,
1111101010000000,
0000000000000010,
1111101011000000,
0000000000000000,
1111101111000000,
1111011010000111,
0100010111111000,
1111101110000000,
1111011010001000,
0100011000111110,
1111101110000000,
1111011010000111,
0100010111110000,
0100011000011111,
0001010111111000,
0100011000111110,
1111101110000000,
1111011010000111,
0100010111110000,
0100011000010111,
0001010111111000,
0100011000111110,
1111101110000000,
1111011010000111,
0100010111110000,
0100011000001111,
0001010111111000,
0100011000111110,
1111101110000000,
1111011010000111,
0100010111110000,
0100011000000111,
0001010111111000,
0100011000111110,
1111101111000000,
0000000110000011,
0100001110000111,
0100101000000000,
0000000001110111,
0010111000101110,
0000000000101110,
0010111000101010,
0000000000101110,
0010101000101110,
0000000000101110,
0010111000101110,
0000000000101010,
0100000101010111,
0101010001001001,
0100111001001001,
0010000001000111,
0100111101000110,
0010000001010010,
0100111101000011,
0100111001001110,
0100001101000101,
0100100101010100,
0100111001001111,
0000000000000000,
0110000101010111,
0111010001101001,
0110111001101001,
0010000001100111,
0110111101100110,
0010000001110010,
0110110001100011,
0110010101101001,
0111010001101110,
0000000000000000,
0110000101010111,
0111010001101001,
0110111001101001,
0010000001100111,
0110111101100110,
0010000001110010,
0110010101110011,
0111011001110010,
0111001001100101,
0000000000000000,
0111001001010000,
0111001101100101,
0010000001110011,
0101001101000101,
0010000001000011,
0110111101110100,
0110001100100000,
0110111001100001,
0110010101100011,
0000000001101100,
1111101011000000,
0000000000000000,
1111101111000000,
0000000001011100,
0100001100000111,
1111101000000000,
0000000000000000,
1111101111000000,
1111011010000111,
0100010111111000,
1111101110000000,
1111011010001000,
0100011000111110,
1111101110000000,
1111011010000111,
0100010111110000,
0100011000000111,
0001010111111000,
0100011000111110,
1111101111000000,
0000000011010111,
0100001110000111,
1111101000000000,
0000001111010001,
1111101001000000,
0000000000001010,
1111101010000000,
0000000000000111,
1111101011000000,
0000000000000000,
1111101111000000,
1111011010000111,
0100010111111000,
1111101110000000,
1111011010001000,
0100011000111110,
1111101110000000,
1111011010000111,
0100010111110000,
0100011000011111,
0001010111111000,
0100011000111110,
1111101110000000,
1111011010000111,
0100010111110000,
0100011000010111,
0001010111111000,
0100011000111110,
1111101110000000,
1111011010000111,
0100010111110000,
0100011000001111,
0001010111111000,
0100011000111110,
1111101110000000,
1111011010000111,
0100010111110000,
0100011000000111,
0001010111111000,
0100011000111110,
1111101111000000,
0000000110000011,
0100001110000111,
1111101000000000,
0000001111110001,
1111101001000000,
0000000000011011,
1111101010000000,
0000000000001000,
1111101011000000,
0000000000000000,
1111101111000000,
1111011010000111,
0100010111111000,
1111101110000000,
1111011010001000,
0100011000111110,
1111101110000000,
1111011010000111,
0100010111110000,
0100011000011111,
0001010111111000,
0100011000111110,
1111101110000000,
1111011010000111,
0100010111110000,
0100011000010111,
0001010111111000,
0100011000111110,
1111101110000000,
1111011010000111,
0100010111110000,
0100011000001111,
0001010111111000,
0100011000111110,
1111101110000000,
1111011010000111,
0100010111110000,
0100011000000111,
0001010111111000,
0100011000111110,
1111101111000000,
0000000110000011,
0100001110000111,
1111101111000000,
1000000000000000,
1111101110000000,
0000000000010101,
0000001111111110,
0100010000111000,
1111101111000000,
0000010010010111,
0011010111000000,
1111101000000000,
0000001111011101,
1111101001000000,
0000000000001100,
1111101010000000,
0000000000000111,
1111101011000000,
0000000000000000,
1111101111000000,
1111011010000111,
0100010111111000,
1111101110000000,
1111011010001000,
0100011000111110,
1111101110000000,
1111011010000111,
0100010111110000,
0100011000011111,
0001010111111000,
0100011000111110,
1111101110000000,
1111011010000111,
0100010111110000,
0100011000010111,
0001010111111000,
0100011000111110,
1111101110000000,
1111011010000111,
0100010111110000,
0100011000001111,
0001010111111000,
0100011000111110,
1111101110000000,
1111011010000111,
0100010111110000,
0100011000000111,
0001010111111000,
0100011000111110,
1111101111000000,
0000000110000011,
0100001110000111,
0100101000000000,
0000010011000000,
1111101000000000,
0000001111100111,
1111101001000000,
0000000000001100,
1111101010000000,
0000000000000111,
1111101011000000,
0000000000000000,
1111101111000000,
1111011010000111,
0100010111111000,
1111101110000000,
1111011010001000,
0100011000111110,
1111101110000000,
1111011010000111,
0100010111110000,
0100011000011111,
0001010111111000,
0100011000111110,
1111101110000000,
1111011010000111,
0100010111110000,
0100011000010111,
0001010111111000,
0100011000111110,
1111101110000000,
1111011010000111,
0100010111110000,
0100011000001111,
0001010111111000,
0100011000111110,
1111101110000000,
1111011010000111,
0100010111110000,
0100011000000111,
0001010111111000,
0100011000111110,
1111101111000000,
0000000110000011,
0100001110000111,
1111101000000000,
0000001111001001,
1111101111000000,
1000000000000000,
1111101110000000,
0000000000010010,
0000001111111110,
0100010001111000,
0000001000000001,
1111101001000000,
0000000000001110,
1111101010000000,
0000000000000111,
1111101011000000,
0000000000000000,
1111101111000000,
1111011010000111,
0100010111111000,
1111101110000000,
1111011010001000,
0100011000111110,
1111101110000000,
1111011010000111,
0100010111110000,
0100011000011111,
0001010111111000,
0100011000111110,
1111101110000000,
1111011010000111,
0100010111110000,
0100011000010111,
0001010111111000,
0100011000111110,
1111101110000000,
1111011010000111,
0100010111110000,
0100011000001111,
0001010111111000,
0100011000111110,
1111101110000000,
1111011010000111,
0100010111110000,
0100011000000111,
0001010111111000,
0100011000111110,
1111101111000000,
0000000110000011,
0100001110000111,
0100101000000000,
0000000001110111,
1111101011000000,
0000000000000111,
1111101111000000,
0000000001011100,
0100001100000111,
1111101111000000,
1111011010000111,
0100010110111000,
1111101111000000,
0000000000001010,
0000001111110111,
0100010000111000,
1111101111000000,
0000000000001010,
0001001111111000,
0000001000000111,
1111101111000000,
0000000000001000,
0000001111110111,
0100011000000111,
1111101111000000,
0000000000001011,
0000001111110111,
0100010000111000,
1111101111000000,
0000000000001010,
0001001111111000,
0000001000000111,
1111101111000000,
0000000000001001,
0000001111110111,
0100011000000111,
1111101111000000,
0000000000001010,
0000001111110111,
0100010000111000,
1111101111000000,
0000000000001011,
0000001111110111,
0100010001111000,
1111101010000000,
0000000000000000,
1111101011000000,
0000000000000001,
1111101100000000,
0000000000001110,
1111101111000000,
1111011010000111,
0100010111111000,
1111101110000000,
1111011010001000,
0100011000111110,
1111101110000000,
1111011010000111,
0100010111110000,
0100011000100111,
0001010111111000,
0100011000111110,
1111101110000000,
1111011010000111,
0100010111110000,
0100011000011111,
0001010111111000,
0100011000111110,
1111101110000000,
1111011010000111,
0100010111110000,
0100011000010111,
0001010111111000,
0100011000111110,
1111101110000000,
1111011010000111,
0100010111110000,
0100011000001111,
0001010111111000,
0100011000111110,
1111101110000000,
1111011010000111,
0100010111110000,
0100011000000111,
0001010111111000,
0100011000111110,
1111101111000000,
0000000011110011,
0100001110000111,
1111101111000000,
1111011010000111,
0100010110111000,
1111101111000000,
0000000000001010,
0000001111110111,
0100010000111000,
1111101111000000,
0000000000001001,
0000001111110111,
0100010001111000,
1111101010000000,
0000000000000000,
1111101011000000,
0000000000000001,
1111101100000000,
0000000000001110,
1111101111000000,
1111011010000111,
0100010111111000,
1111101110000000,
1111011010001000,
0100011000111110,
1111101110000000,
1111011010000111,
0100010111110000,
0100011000100111,
0001010111111000,
0100011000111110,
1111101110000000,
1111011010000111,
0100010111110000,
0100011000011111,
0001010111111000,
0100011000111110,
1111101110000000,
1111011010000111,
0100010111110000,
0100011000010111,
0001010111111000,
0100011000111110,
1111101110000000,
1111011010000111,
0100010111110000,
0100011000001111,
0001010111111000,
0100011000111110,
1111101110000000,
1111011010000111,
0100010111110000,
0100011000000111,
0001010111111000,
0100011000111110,
1111101111000000,
0000000011110011,
0100001110000111,
1111101111000000,
1111011010000111,
0100010110111000,
1111101111000000,
0000000000001000,
0000001111110111,
0100010000111000,
1111101111000000,
0000000000001011,
0000001111110111,
0100010001111000,
1111101010000000,
0000000000000000,
1111101011000000,
0000000000000001,
1111101100000000,
0000000000001110,
1111101111000000,
1111011010000111,
0100010111111000,
1111101110000000,
1111011010001000,
0100011000111110,
1111101110000000,
1111011010000111,
0100010111110000,
0100011000100111,
0001010111111000,
0100011000111110,
1111101110000000,
1111011010000111,
0100010111110000,
0100011000011111,
0001010111111000,
0100011000111110,
1111101110000000,
1111011010000111,
0100010111110000,
0100011000010111,
0001010111111000,
0100011000111110,
1111101110000000,
1111011010000111,
0100010111110000,
0100011000001111,
0001010111111000,
0100011000111110,
1111101110000000,
1111011010000111,
0100010111110000,
0100011000000111,
0001010111111000,
0100011000111110,
1111101111000000,
0000000011110011,
0100001110000111,
1111101111000000,
1111011010000111,
0100010110111000,
1111101111000000,
0000000000001000,
0000001111110111,
0100010000111000,
1111101111000000,
0000000000001001,
0000001111110111,
0100010001111000,
1111101010000000,
0000000000000000,
1111101011000000,
0000000000000001,
1111101100000000,
0000000000001110,
1111101111000000,
1111011010000111,
0100010111111000,
1111101110000000,
1111011010001000,
0100011000111110,
1111101110000000,
1111011010000111,
0100010111110000,
0100011000100111,
0001010111111000,
0100011000111110,
1111101110000000,
1111011010000111,
0100010111110000,
0100011000011111,
0001010111111000,
0100011000111110,
1111101110000000,
1111011010000111,
0100010111110000,
0100011000010111,
0001010111111000,
0100011000111110,
1111101110000000,
1111011010000111,
0100010111110000,
0100011000001111,
0001010111111000,
0100011000111110,
1111101110000000,
1111011010000111,
0100010111110000,
0100011000000111,
0001010111111000,
0100011000111110,
1111101111000000,
0000000011110011,
0100001110000111,
1111101000000000,
0000000000000000,
1111101111000000,
1111011010000111,
0100010110111000,
1111101111000000,
0000000000000011,
0000001111110111,
0100011000000111,
1111101111000000,
1111011010000111,
0100010110111000,
1111101111000000,
0000000000000011,
0000001111110111,
0100010001111000,
1111101111000000,
0000011100011001,
1111101101000000,
0000000000001010,
0100110111001101,
1111101000000000,
0000000000010000,
0000001000000001,
1111101111000000,
0000000000000101,
0000001111110111,
0100011000000111,
1111101000000000,
0000000000100001,
0000001000000001,
1111101111000000,
0000000000000100,
0000001111110111,
0100011000000111,
1111101111000000,
0000000000001010,
0000001111110111,
0100010000111000,
0000001000000001,
0001001000000000,
1111101111000000,
0000000000000110,
0000001111110111,
0100011000000111,
1111101111000000,
0000000000001011,
0000001111110111,
0100010000111000,
0000001000000001,
0001001000000000,
1111101111000000,
0000000000000111,
0000001111110111,
0100011000000111,
1111101111000000,
0000000000000110,
0000001111110111,
0100010000111000,
1111101111000000,
0000000000001011,
0000001111110111,
0100010001111000,
1111101111000000,
0000000000000100,
0000001111110111,
0100010010111000,
1111101011000000,
0000000000000001,
1111101100000000,
0000000000001110,
1111101111000000,
1111011010000111,
0100010111111000,
1111101110000000,
1111011010001000,
0100011000111110,
1111101110000000,
1111011010000111,
0100010111110000,
0100011000100111,
0001010111111000,
0100011000111110,
1111101110000000,
1111011010000111,
0100010111110000,
0100011000011111,
0001010111111000,
0100011000111110,
1111101110000000,
1111011010000111,
0100010111110000,
0100011000010111,
0001010111111000,
0100011000111110,
1111101110000000,
1111011010000111,
0100010111110000,
0100011000001111,
0001010111111000,
0100011000111110,
1111101110000000,
1111011010000111,
0100010111110000,
0100011000000111,
0001010111111000,
0100011000111110,
1111101111000000,
0000000011110011,
0100001110000111,
1111101111000000,
1111011010000111,
0100010110111000,
1111101111000000,
0000000000000110,
0000001111110111,
0100010000111000,
1111101111000000,
0000000000001001,
0000001111110111,
0100010001111000,
1111101111000000,
0000000000000100,
0000001111110111,
0100010010111000,
1111101011000000,
0000000000000001,
1111101100000000,
0000000000001110,
1111101111000000,
1111011010000111,
0100010111111000,
1111101110000000,
1111011010001000,
0100011000111110,
1111101110000000,
1111011010000111,
0100010111110000,
0100011000100111,
0001010111111000,
0100011000111110,
1111101110000000,
1111011010000111,
0100010111110000,
0100011000011111,
0001010111111000,
0100011000111110,
1111101110000000,
1111011010000111,
0100010111110000,
0100011000010111,
0001010111111000,
0100011000111110,
1111101110000000,
1111011010000111,
0100010111110000,
0100011000001111,
0001010111111000,
0100011000111110,
1111101110000000,
1111011010000111,
0100010111110000,
0100011000000111,
0001010111111000,
0100011000111110,
1111101111000000,
0000000011110011,
0100001110000111,
1111101111000000,
1111011010000111,
0100010110111000,
1111101111000000,
0000000000001010,
0000001111110111,
0100010000111000,
1111101111000000,
0000000000000111,
0000001111110111,
0100010001111000,
1111101111000000,
0000000000000101,
0000001111110111,
0100010010111000,
1111101011000000,
0000000000000001,
1111101100000000,
0000000000001110,
1111101111000000,
1111011010000111,
0100010111111000,
1111101110000000,
1111011010001000,
0100011000111110,
1111101110000000,
1111011010000111,
0100010111110000,
0100011000100111,
0001010111111000,
0100011000111110,
1111101110000000,
1111011010000111,
0100010111110000,
0100011000011111,
0001010111111000,
0100011000111110,
1111101110000000,
1111011010000111,
0100010111110000,
0100011000010111,
0001010111111000,
0100011000111110,
1111101110000000,
1111011010000111,
0100010111110000,
0100011000001111,
0001010111111000,
0100011000111110,
1111101110000000,
1111011010000111,
0100010111110000,
0100011000000111,
0001010111111000,
0100011000111110,
1111101111000000,
0000000011110011,
0100001110000111,
1111101111000000,
1111011010000111,
0100010110111000,
1111101111000000,
0000000000001000,
0000001111110111,
0100010000111000,
1111101111000000,
0000000000000111,
0000001111110111,
0100010001111000,
1111101111000000,
0000000000000101,
0000001111110111,
0100010010111000,
1111101011000000,
0000000000000001,
1111101100000000,
0000000000001110,
1111101111000000,
1111011010000111,
0100010111111000,
1111101110000000,
1111011010001000,
0100011000111110,
1111101110000000,
1111011010000111,
0100010111110000,
0100011000100111,
0001010111111000,
0100011000111110,
1111101110000000,
1111011010000111,
0100010111110000,
0100011000011111,
0001010111111000,
0100011000111110,
1111101110000000,
1111011010000111,
0100010111110000,
0100011000010111,
0001010111111000,
0100011000111110,
1111101110000000,
1111011010000111,
0100010111110000,
0100011000001111,
0001010111111000,
0100011000111110,
1111101110000000,
1111011010000111,
0100010111110000,
0100011000000111,
0001010111111000,
0100011000111110,
1111101111000000,
0000000011110011,
0100001110000111,
1111101111000000,
1111011010000111,
0100010110111000,
1111101111000000,
0000000000000011,
0000001111110111,
0100010001111000,
0001001001001000,
1111101111000000,
0000000000000011,
0000001111110111,
0100011000001111,
0100101000000000,
0000010111111000,
0100101000000000,
0000000001110111,
1111101011000000,
0000000000000111,
1111101111000000,
0000000001011100,
0100001100000111,
1111101111000000,
1111011010000111,
0100010110111000,
1111101000000000,
0000000000000000,
1111101111000000,
0000000000001000,
0000001111110111,
0100011000000111,
1111101111000000,
0000000000001000,
0000001111110111,
0100010000111000,
1111101001000000,
0000000000001010,
1111101111000000,
0000011111010000,
0100110111000001,
1111101001000000,
0000000000000000,
1111101111000000,
0000000000001001,
0000001111110111,
0100011000001111,
1111101111000000,
0000000000001000,
0000001111110111,
0100010000111000,
1111101111000000,
0000000000001001,
0000001111110111,
0100010001111000,
1111101010000000,
0000000000001010,
1111101111000000,
0000011111000010,
0100110111001010,
0000101010000010,
0000001010001010,
1111101111000000,
0000000000000001,
0001111010010111,
1111101111000000,
0000000000001100,
0000001111110111,
0100010011111000,
0000001010010011,
0100010010010000,
1111101011000000,
0000000000000000,
1111101100000000,
0000000000000000,
1111101011000000,
0000000000000000,
1111101111000000,
0000011101011111,
0100111111010011,
1111101011000000,
0000000000000000,
1111101100000000,
0000000000000000,
0100101000000000,
0000011110010110,
1111101011000000,
0000000000000001,
1111101111000000,
0000011101110101,
0100111111010011,
1111101011000000,
0000000000000000,
1111101100000000,
0000000000000000,
1111101111000000,
0000000000001101,
0000001111110111,
0100010101111000,
1111101111000000,
0000011110010110,
0011010111101000,
1111101011000000,
0000000000000011,
1111101100000000,
0000000000001111,
0100101000000000,
0000011110010110,
1111101011000000,
0000000000000010,
1111101111000000,
0000011110000000,
0100111111010011,
1111101011000000,
0000000001110000,
1111101100000000,
0000000000001111,
0100101000000000,
0000011110010110,
1111101011000000,
0000000000000011,
1111101111000000,
0000011110001011,
0100111111010011,
1111101011000000,
0000000000111000,
1111101100000000,
0000000000000001,
0100101000000000,
0000011110010110,
1111101011000000,
0000000000000100,
1111101111000000,
0000011110010110,
0100111111010011,
1111101011000000,
0000000001110010,
1111101100000000,
0000000000000001,
0100101000000000,
0000011110010110,
1111101111000000,
0000000000001010,
0000001111110111,
0100010101111000,
0000001001001101,
0001001001001000,
1111101111000000,
0000000000001011,
0000001111110111,
0100010101111000,
0000001000000101,
0001001000000000,
1111101101000000,
0000000000001010,
1111101111000000,
1111101100111100,
1111101110000000,
0000000000101000,
0000101000000110,
0000001000000001,
0000001000000111,
1111101111000000,
0000000000001100,
0001111100100111,
1111101111000000,
0000000000001000,
0001111101101111,
0001100001100101,
0001100001001011,
0100011000001000,
1111101111000000,
1111011010000111,
0100010110111000,
1111101111000000,
0000000000001001,
0000001111110111,
0100010000111000,
0001001000000000,
1111101111000000,
0000000000001001,
0000001111110111,
0100011000000111,
0100101000000000,
0000011100111000,
1111101111000000,
1111011010000111,
0100010110111000,
1111101111000000,
0000000000001000,
0000001111110111,
0100010000111000,
0001001000000000,
1111101111000000,
0000000000001000,
0000001111110111,
0100011000000111,
0100101000000000,
0000011100101001,
1111101111000000,
1111011010000111,
0100010110111000,
1111101111000000,
0000000000001010,
0000001111110111,
0100010000111000,
1111101111000000,
0000000000001011,
0000001111110111,
0100010001111000,
1111101111000000,
1111011010000111,
0100010111111000,
1111101110000000,
1111011010001000,
0100011000111110,
1111101110000000,
1111011010000111,
0100010111110000,
0100011000001111,
0001010111111000,
0100011000111110,
1111101110000000,
1111011010000111,
0100010111110000,
0100011000000111,
0001010111111000,
0100011000111110,
1111101111000000,
0000010011110010,
0100001110000111,
0100101000000000,
0000000001110111,
1111101011000000,
0000000000000000,
1111101111000000,
0000000001011100,
0100001100000111,
1111101111000000,
1111011010000111,
0100010110111000,
1111101111000000,
0000000000000011,
0000001111110111,
0100010000111000,
1111101111000000,
0000000000000100,
0000001111110111,
0100010001111000,
1111101111000000,
0000000000000101,
0000001111110111,
0100010010111000,
1111101111000000,
0000000000000110,
0000001111110111,
0100010011111000,
1111101111000000,
0000000000101000,
0000101001001111,
0000001000000001,
1111101111000000,
1111101100111100,
0000001000000111,
1111101100000000,
0000000000000011,
1111101110000000,
0000000000000001,
1111101111000000,
0000000000001100,
0001111110110111,
0000001100100110,
1111101110000000,
0000000000001010,
1111101111000000,
0000000000001000,
0001111110110111,
0000001100100110,
1111101111000000,
0000100000110000,
1111101110000000,
0000100000101000,
0011010110011000,
1111101001000000,
0000000000000001,
0100101000000000,
0000100000101010,
1111101001000000,
0000000000101000,
0011010111010000,
0100011000100000,
0001010010010000,
0000001000000001,
0100101000000000,
0000100000101010,
0100101000000000,
0000000001110111,
0100000101000010,
0010000001000100,
0100100001010011,
0101000001001001,
0101000000100000,
0100000101001100,
0100010101000011,
0100010101001101,
0101010001001110,
0000000000000000,
0110111001000101,
0110110101100101,
0010000001111001,
0111001101101001,
0101001000100000,
0100000101000101,
0101100101000100,
0000000000000000,
0100010101010010,
0100010001000001,
0000000001011001,
0111001001000001,
0010000001100101,
0110111101111001,
0010000001110101,
0100010101010010,
0100010001000001,
0011111101011001,
0000000000000000,
1111101011000000,
0000000000000101,
1111101111000000,
0000000001011100,
0100001100000111,
1111101000000000,
0000000000000000,
1111101111000000,
1111011010000111,
0100010110111000,
1111101111000000,
0000000000000011,
0000001111110111,
0100011000000111,
1111101000000000,
0000000000000011,
1111101111000000,
0000000000000101,
0000001111110111,
0100011000000111,
1111101111000000,
1111011010000111,
0100010110111000,
1111101111000000,
0000000000000011,
0000001111110111,
0100010000111000,
1111101111000000,
0000100110110001,
1111101101000000,
0000000000000100,
0100110111000101,
1111101111000000,
0000000010110010,
1111101101000000,
0000000000000001,
0001111010000101,
0000001101111010,
1111101111000000,
0000000000000111,
0000001111110111,
0100011000101111,
1111101001000000,
0000000000001011,
0000001001001010,
1111101111000000,
0000000000000110,
0000001111110111,
0100011000001111,
1111101111000000,
0000000000000101,
0000001111110111,
0100010000111000,
1111101111000000,
1000000000000000,
1111101101000000,
0000000000010111,
0000001111101111,
1111101101000000,
0000000000000000,
0000001111101111,
0010110010111000,
1111101111000000,
0000000000000011,
0000001111110111,
0100010100111000,
1111101111000000,
0000000000000001,
0000101111111100,
0000001111010111,
0010110010111000,
0100010010010000,
1111101111000000,
0000000000010000,
0000001010010111,
1111101011000000,
0000000000000111,
1111101100000000,
0000000000000000,
1111101111000000,
1111011010000111,
0100010111111000,
1111101110000000,
1111011010001000,
0100011000111110,
1111101110000000,
1111011010000111,
0100010111110000,
0100011000100111,
0001010111111000,
0100011000111110,
1111101110000000,
1111011010000111,
0100010111110000,
0100011000011111,
0001010111111000,
0100011000111110,
1111101110000000,
1111011010000111,
0100010111110000,
0100011000010111,
0001010111111000,
0100011000111110,
1111101110000000,
1111011010000111,
0100010111110000,
0100011000001111,
0001010111111000,
0100011000111110,
1111101110000000,
1111011010000111,
0100010111110000,
0100011000000111,
0001010111111000,
0100011000111110,
1111101111000000,
0000000011110011,
0100001110000111,
1111101111000000,
1111011010000111,
0100010110111000,
1111101111000000,
0000000000000101,
0000001111110111,
0100010000111000,
0001001000000000,
1111101111000000,
0000000000000110,
0000001111110111,
0100010001111000,
1111101010000000,
0000000000001111,
1111101011000000,
0000000000000111,
1111101100000000,
0000000000000000,
1111101111000000,
1111011010000111,
0100010111111000,
1111101110000000,
1111011010001000,
0100011000111110,
1111101110000000,
1111011010000111,
0100010111110000,
0100011000100111,
0001010111111000,
0100011000111110,
1111101110000000,
1111011010000111,
0100010111110000,
0100011000011111,
0001010111111000,
0100011000111110,
1111101110000000,
1111011010000111,
0100010111110000,
0100011000010111,
0001010111111000,
0100011000111110,
1111101110000000,
1111011010000111,
0100010111110000,
0100011000001111,
0001010111111000,
0100011000111110,
1111101110000000,
1111011010000111,
0100010111110000,
0100011000000111,
0001010111111000,
0100011000111110,
1111101111000000,
0000000011110011,
0100001110000111,
1111101111000000,
1111011010000111,
0100010110111000,
1111101111000000,
0000000000000101,
0000001111110111,
0100010000111000,
0001001000000000,
0001001000000000,
1111101111000000,
0000000000000110,
0000001111110111,
0100010001111000,
1111101010000000,
0000000000010000,
1111101111000000,
0000000000000111,
0000001111110111,
0100010011111000,
1111101111000000,
0000000000000001,
0000001011011111,
0100010011011000,
0000001010010011,
1111101011000000,
0000000000000111,
1111101100000000,
0000000000000000,
1111101111000000,
1111011010000111,
0100010111111000,
1111101110000000,
1111011010001000,
0100011000111110,
1111101110000000,
1111011010000111,
0100010111110000,
0100011000100111,
0001010111111000,
0100011000111110,
1111101110000000,
1111011010000111,
0100010111110000,
0100011000011111,
0001010111111000,
0100011000111110,
1111101110000000,
1111011010000111,
0100010111110000,
0100011000010111,
0001010111111000,
0100011000111110,
1111101110000000,
1111011010000111,
0100010111110000,
0100011000001111,
0001010111111000,
0100011000111110,
1111101110000000,
1111011010000111,
0100010111110000,
0100011000000111,
0001010111111000,
0100011000111110,
1111101111000000,
0000000011110011,
0100001110000111,
1111101111000000,
1111011010000111,
0100010110111000,
1111101000000000,
0000000000000000,
1111101111000000,
0000000000000100,
0000001111110111,
0100011000000111,
1111101111000000,
1111011010000111,
0100010110111000,
1111101111000000,
0000000000000100,
0000001111110111,
0100010000111000,
1111101111000000,
0000000000000111,
0000001111110111,
0100010001111000,
1111101111000000,
0000000000000000,
0000001001001111,
0100010001001000,
1111101111000000,
0000100110100011,
0100110111000001,
1111101111000000,
0000000000000101,
0000001111110111,
0100010001111000,
0000001000000001,
1111101111000000,
0000000000000100,
0000001000000111,
1111101111000000,
0000000000000110,
0000001111110111,
0100010001111000,
1111101010000000,
0000000000000011,
1111101011000000,
0000000000001111,
1111101100000000,
0000000000000000,
1111101111000000,
1111011010000111,
0100010111111000,
1111101110000000,
1111011010001000,
0100011000111110,
1111101110000000,
1111011010000111,
0100010111110000,
0100011000100111,
0001010111111000,
0100011000111110,
1111101110000000,
1111011010000111,
0100010111110000,
0100011000011111,
0001010111111000,
0100011000111110,
1111101110000000,
1111011010000111,
0100010111110000,
0100011000010111,
0001010111111000,
0100011000111110,
1111101110000000,
1111011010000111,
0100010111110000,
0100011000001111,
0001010111111000,
0100011000111110,
1111101110000000,
1111011010000111,
0100010111110000,
0100011000000111,
0001010111111000,
0100011000111110,
1111101111000000,
0000000011110011,
0100001110000111,
1111101111000000,
1111011010000111,
0100010110111000,
1111101111000000,
0000000000000100,
0000001111110111,
0100010000111000,
0001001000000000,
1111101111000000,
0000000000000100,
0000001111110111,
0100011000000111,
0100101000000000,
0000100101001010,
1111101111000000,
1111011010000111,
0100010110111000,
1111101111000000,
0000000000000011,
0000001111110111,
0100010000111000,
0001001000000000,
1111101111000000,
0000000000000011,
0000001111110111,
0100011000000111,
0100101000000000,
0000100001100011,
0100101000000000,
0000000001110111,
1111101011000000,
0000000000000011,
1111101111000000,
0000000001011100,
0100001100000111,
1111101111000000,
1111011010000111,
0100010110111000,
1111101000000000,
0000000000001110,
1111101001000000,
0000000000001001,
1111101010000000,
0000000000010111,
1111101011000000,
0000000000000100,
0000001010010011,
1111101011000000,
1000000000000000,
0000001010010011,
1111101011000000,
1111111111111111,
1111101111000000,
1111011010000111,
0100010111111000,
1111101110000000,
1111011010001000,
0100011000111110,
1111101110000000,
1111011010000111,
0100010111110000,
0100011000011111,
0001010111111000,
0100011000111110,
1111101110000000,
1111011010000111,
0100010111110000,
0100011000010111,
0001010111111000,
0100011000111110,
1111101110000000,
1111011010000111,
0100010111110000,
0100011000001111,
0001010111111000,
0100011000111110,
1111101110000000,
1111011010000111,
0100010111110000,
0100011000000111,
0001010111111000,
0100011000111110,
1111101111000000,
0000011100011011,
0100001110000111,
1111101111000000,
1000000000000000,
1111101110000000,
0000000000001100,
0000001111111110,
0100010000111000,
1111101111000000,
0000101001001110,
0011010111000000,
1111101111000000,
1000000000000000,
1111101101000000,
0000000000010111,
0000001111101111,
1111101101000000,
0000000011001100,
0000001111101111,
0010110000111000,
0100010000000000,
1111101110000000,
0000000000001010,
1111101111000000,
0000101001001110,
0101010111000110,
1111101111000000,
1000000000000000,
1111101110000000,
0000001000010111,
0000001111111110,
0100010000111000,
1111101111000000,
0000000000001110,
0000001000000111,
0001001000000000,
1111101111000000,
1000000000000000,
1111101110000000,
0000001000011000,
0000001111111110,
0100010001111000,
1111101111000000,
0000000000001001,
0000001001001111,
0001001001001000,
1111101110000000,
0000001000011011,
1111101111000000,
1000000000000000,
0000001110110111,
1111101111000000,
0000000000000010,
0000001010110111,
0100010010010000,
1111101011000000,
0000000010110010,
1111101111000000,
0000000000000010,
0000101010010111,
0000001010010011,
1111101111000000,
0000000000000000,
0000001010010111,
0100010010010000,
1111101111000000,
0000000000000011,
0000001011110111,
0100010011011000,
1111101111000000,
1111011010000111,
0100010111111000,
1111101110000000,
1111011010001000,
0100011000111110,
1111101110000000,
1111011010000111,
0100010111110000,
0100011000011111,
0001010111111000,
0100011000111110,
1111101110000000,
1111011010000111,
0100010111110000,
0100011000010111,
0001010111111000,
0100011000111110,
1111101110000000,
1111011010000111,
0100010111110000,
0100011000001111,
0001010111111000,
0100011000111110,
1111101110000000,
1111011010000111,
0100010111110000,
0100011000000111,
0001010111111000,
0100011000111110,
1111101111000000,
0000011111110010,
0100001110000111,
1111101111000000,
1000000000000000,
1111101110000000,
0000000000001010,
0000001111111110,
0100010000111000,
1111101111000000,
0000101010000000,
0011010111000000,
1111101000000000,
0000100000110010,
1111101001000000,
0000000000011100,
1111101010000000,
0000000000000001,
1111101011000000,
0000000000000000,
1111101111000000,
1111011010000111,
0100010111111000,
1111101110000000,
1111011010001000,
0100011000111110,
1111101110000000,
1111011010000111,
0100010111110000,
0100011000011111,
0001010111111000,
0100011000111110,
1111101110000000,
1111011010000111,
0100010111110000,
0100011000010111,
0001010111111000,
0100011000111110,
1111101110000000,
1111011010000111,
0100010111110000,
0100011000001111,
0001010111111000,
0100011000111110,
1111101110000000,
1111011010000111,
0100010111110000,
0100011000000111,
0001010111111000,
0100011000111110,
1111101111000000,
0000000110000011,
0100001110000111,
1111101111000000,
1000000000000000,
1111101110000000,
0000000100010111,
0000001111110111,
1111101110000000,
0000000011111111,
0000001111110111,
0100010000111000,
1111101111000000,
0000101010110101,
0011010111000000,
1111101000000000,
0000100000111100,
1111101001000000,
0000000000000110,
1111101010000000,
0000000000000001,
1111101011000000,
0000000000000000,
1111101111000000,
1111011010000111,
0100010111111000,
1111101110000000,
1111011010001000,
0100011000111110,
1111101110000000,
1111011010000111,
0100010111110000,
0100011000011111,
0001010111111000,
0100011000111110,
1111101110000000,
1111011010000111,
0100010111110000,
0100011000010111,
0001010111111000,
0100011000111110,
1111101110000000,
1111011010000111,
0100010111110000,
0100011000001111,
0001010111111000,
0100011000111110,
1111101110000000,
1111011010000111,
0100010111110000,
0100011000000111,
0001010111111000,
0100011000111110,
1111101111000000,
0000000110000011,
0100001110000111,
1111101111000000,
1000000000000000,
1111101110000000,
0000000000010111,
0000001111110111,
1111101110000000,
0000000011111111,
0000001111110111,
0100010000111000,
1111101111000000,
0000101011101100,
0011010111000000,
1111101000000000,
0000100001000100,
1111101001000000,
0000000000011010,
1111101010000000,
0000000000000111,
1111101011000000,
0000000000000000,
1111101111000000,
1111011010000111,
0100010111111000,
1111101110000000,
1111011010001000,
0100011000111110,
1111101110000000,
1111011010000111,
0100010111110000,
0100011000011111,
0001010111111000,
0100011000111110,
1111101110000000,
1111011010000111,
0100010111110000,
0100011000010111,
0001010111111000,
0100011000111110,
1111101110000000,
1111011010000111,
0100010111110000,
0100011000001111,
0001010111111000,
0100011000111110,
1111101110000000,
1111011010000111,
0100010111110000,
0100011000000111,
0001010111111000,
0100011000111110,
1111101111000000,
0000000110000011,
0100001110000111,
0100101000000000,
0000101100100100,
1111101111000000,
1000000000000000,
1111101101000000,
0000000000010111,
0000001111101111,
1111101101000000,
0000000011001100,
0000001111101111,
0010110000111000,
0100010000000000,
1111101110000000,
0000000000001010,
1111101111000000,
0000101100100100,
0100111111000110,
1111101000000000,
0000100001000111,
1111101001000000,
0000000000011010,
1111101010000000,
0000000000000111,
1111101011000000,
0000000000000000,
1111101111000000,
1111011010000111,
0100010111111000,
1111101110000000,
1111011010001000,
0100011000111110,
1111101110000000,
1111011010000111,
0100010111110000,
0100011000011111,
0001010111111000,
0100011000111110,
1111101110000000,
1111011010000111,
0100010111110000,
0100011000010111,
0001010111111000,
0100011000111110,
1111101110000000,
1111011010000111,
0100010111110000,
0100011000001111,
0001010111111000,
0100011000111110,
1111101110000000,
1111011010000111,
0100010111110000,
0100011000000111,
0001010111111000,
0100011000111110,
1111101111000000,
0000000110000011,
0100001110000111,
1111101111000000,
1111011010000111,
0100010111111000,
1111101110000000,
1111011010001000,
0100011000111110,
1111101111000000,
0000100001001111,
0100001110000111,
0100101000000000,
0000000001110111,
1111101011000000,
0000000000000010,
1111101111000000,
0000000001011100,
0100001100000111,
1111101111000000,
1111011010000111,
0100010110111000,
1111101111000000,
0000000000000111,
0000001111110111,
0100010010111000,
1111101111000000,
0000000000000101,
0000001111110111,
0100010000111000,
1111101111000000,
0000000000000110,
0000001111110111,
0100010001111000,
1111101111000000,
0000101101001100,
0011010111010000,
1111101010000000,
0000000000010110,
1111101011000000,
0000000000001001,
0100101000000000,
0000101101010000,
1111101010000000,
0000000000000110,
1111101011000000,
0000000000001001,
0001001010010000,
0001001011011000,
0000001000000010,
0000001001001011,
1111101111000000,
0000000000000011,
0000001111110111,
0100011000000111,
1111101111000000,
0000000000000100,
0000001111110111,
0100011000001111,
1111101000000000,
0000000000000110,
1111101001000000,
0000000000001001,
1111101111000000,
1000000000000000,
1111101110000000,
0000000000010111,
0000001111111110,
0010110010111000,
1111101111000000,
0000000000000100,
0000001111010111,
0010110010111000,
1111101011000000,
1111111111111111,
1111101111000000,
1111011010000111,
0100010111111000,
1111101110000000,
1111011010001000,
0100011000111110,
1111101110000000,
1111011010000111,
0100010111110000,
0100011000011111,
0001010111111000,
0100011000111110,
1111101110000000,
1111011010000111,
0100010111110000,
0100011000010111,
0001010111111000,
0100011000111110,
1111101110000000,
1111011010000111,
0100010111110000,
0100011000001111,
0001010111111000,
0100011000111110,
1111101110000000,
1111011010000111,
0100010111110000,
0100011000000111,
0001010111111000,
0100011000111110,
1111101111000000,
0000011100011011,
0100001110000111,
1111101000000000,
0000000000010110,
1111101001000000,
0000000000001001,
1111101111000000,
1000000000000000,
1111101110000000,
0000000100010111,
0000001111111110,
0010110010111000,
1111101111000000,
0000000000000100,
0000001111010111,
0010110010111000,
1111101011000000,
0000000000000000,
1111101111000000,
1111011010000111,
0100010111111000,
1111101110000000,
1111011010001000,
0100011000111110,
1111101110000000,
1111011010000111,
0100010111110000,
0100011000011111,
0001010111111000,
0100011000111110,
1111101110000000,
1111011010000111,
0100010111110000,
0100011000010111,
0001010111111000,
0100011000111110,
1111101110000000,
1111011010000111,
0100010111110000,
0100011000001111,
0001010111111000,
0100011000111110,
1111101110000000,
1111011010000111,
0100010111110000,
0100011000000111,
0001010111111000,
0100011000111110,
1111101111000000,
0000011100011011,
0100001110000111,
1111101111000000,
1000000000000000,
1111101110000000,
0000000000001100,
0000001111111110,
0100010000111000,
1111101111000000,
0000110000001010,
0011010111000000,
1111101111000000,
1111011010000111,
0100010110111000,
1111101111000000,
0000000000000011,
0000001111110111,
0100010000111000,
1111101111000000,
0000000000000100,
0000001111110111,
0100010001111000,
1111101010000000,
0000000000001011,
1111101111000000,
0000000000000111,
0000001111110111,
0100010011111000,
1111101111000000,
0000101111011111,
0011010111011000,
1111101011000000,
0000000000000010,
0100101000000000,
0000101111100001,
1111101011000000,
0000000000000001,
1111101100000000,
0000000000001010,
1111101111000000,
1111011010000111,
0100010111111000,
1111101110000000,
1111011010001000,
0100011000111110,
1111101110000000,
1111011010000111,
0100010111110000,
0100011000100111,
0001010111111000,
0100011000111110,
1111101110000000,
1111011010000111,
0100010111110000,
0100011000011111,
0001010111111000,
0100011000111110,
1111101110000000,
1111011010000111,
0100010111110000,
0100011000010111,
0001010111111000,
0100011000111110,
1111101110000000,
1111011010000111,
0100010111110000,
0100011000001111,
0001010111111000,
0100011000111110,
1111101110000000,
1111011010000111,
0100010111110000,
0100011000000111,
0001010111111000,
0100011000111110,
1111101111000000,
0000000011110011,
0100001110000111,
0100101000000000,
0000000001110111,
0011111000101101,
0000000000000000,
0100111101011001,
0101001001010101,
0101010000100000,
0101001001010101,
0000000001001110,
1111101011000000,
0000000000000000,
1111101111000000,
0000000001011100,
0100001100000111,
1111101111000000,
1000000000000000,
1111101110000000,
0000001000010111,
0000001111111110,
0100010000111000,
1111101111000000,
1000000000000000,
1111101110000000,
0000001000011000,
0000001111111110,
0100010001111000,
1111101010000000,
1111111111111111,
1111101111000000,
1111011010000111,
0100010111111000,
1111101110000000,
1111011010001000,
0100011000111110,
1111101110000000,
1111011010000111,
0100010111110000,
0100011000010111,
0001010111111000,
0100011000111110,
1111101110000000,
1111011010000111,
0100010111110000,
0100011000001111,
0001010111111000,
0100011000111110,
1111101110000000,
1111011010000111,
0100010111110000,
0100011000000111,
0001010111111000,
0100011000111110,
1111101111000000,
0000101100101111,
0100001110000111,
1111101000000000,
0000110000001100,
1111101001000000,
0000000000010011,
1111101010000000,
0000000000001111,
1111101011000000,
0000000000000111,
1111101100000000,
0000000000000000,
1111101111000000,
1111011010000111,
0100010111111000,
1111101110000000,
1111011010001000,
0100011000111110,
1111101110000000,
1111011010000111,
0100010111110000,
0100011000100111,
0001010111111000,
0100011000111110,
1111101110000000,
1111011010000111,
0100010111110000,
0100011000011111,
0001010111111000,
0100011000111110,
1111101110000000,
1111011010000111,
0100010111110000,
0100011000010111,
0001010111111000,
0100011000111110,
1111101110000000,
1111011010000111,
0100010111110000,
0100011000001111,
0001010111111000,
0100011000111110,
1111101110000000,
1111011010000111,
0100010111110000,
0100011000000111,
0001010111111000,
0100011000111110,
1111101111000000,
0000000100101100,
0100001110000111,
1111101000000000,
0000110000001110,
1111101001000000,
0000000000000110,
1111101010000000,
0000000000000111,
1111101011000000,
0000000000000000,
1111101111000000,
1111011010000111,
0100010111111000,
1111101110000000,
1111011010001000,
0100011000111110,
1111101110000000,
1111011010000111,
0100010111110000,
0100011000011111,
0001010111111000,
0100011000111110,
1111101110000000,
1111011010000111,
0100010111110000,
0100011000010111,
0001010111111000,
0100011000111110,
1111101110000000,
1111011010000111,
0100010111110000,
0100011000001111,
0001010111111000,
0100011000111110,
1111101110000000,
1111011010000111,
0100010111110000,
0100011000000111,
0001010111111000,
0100011000111110,
1111101111000000,
0000000110000011,
0100001110000111,
0100101000000000,
0000000001110111,
0010110100111100,
0000000000000000,
0100111001000101,
0100110101000101,
0010011101011001,
0010000001010011,
0101010101010100,
0100111001010010,
0000000000000000,
1111101011000000,
0000000000000000,
1111101111000000,
0000000001011100,
0100001100000111,
1111101111000000,
1000000000000000,
1111101110000000,
0000001000011001,
0000001111111110,
0100010000111000,
1111101111000000,
1000000000000000,
1111101110000000,
0000001000011010,
0000001111111110,
0100010001111000,
1111101010000000,
0000000000000000,
1111101111000000,
1111011010000111,
0100010111111000,
1111101110000000,
1111011010001000,
0100011000111110,
1111101110000000,
1111011010000111,
0100010111110000,
0100011000010111,
0001010111111000,
0100011000111110,
1111101110000000,
1111011010000111,
0100010111110000,
0100011000001111,
0001010111111000,
0100011000111110,
1111101110000000,
1111011010000111,
0100010111110000,
0100011000000111,
0001010111111000,
0100011000111110,
1111101111000000,
0000101100101111,
0100001110000111,
1111101000000000,
0000110010011101,
1111101001000000,
0000000000010011,
1111101010000000,
0000000000001111,
1111101011000000,
0000000000000111,
1111101100000000,
0000000000000000,
1111101111000000,
1111011010000111,
0100010111111000,
1111101110000000,
1111011010001000,
0100011000111110,
1111101110000000,
1111011010000111,
0100010111110000,
0100011000100111,
0001010111111000,
0100011000111110,
1111101110000000,
1111011010000111,
0100010111110000,
0100011000011111,
0001010111111000,
0100011000111110,
1111101110000000,
1111011010000111,
0100010111110000,
0100011000010111,
0001010111111000,
0100011000111110,
1111101110000000,
1111011010000111,
0100010111110000,
0100011000001111,
0001010111111000,
0100011000111110,
1111101110000000,
1111011010000111,
0100010111110000,
0100011000000111,
0001010111111000,
0100011000111110,
1111101111000000,
0000000100101100,
0100001110000111,
1111101000000000,
0000110010011111,
1111101001000000,
0000000000000110,
1111101010000000,
0000000000000001,
1111101011000000,
0000000000000000,
1111101111000000,
1111011010000111,
0100010111111000,
1111101110000000,
1111011010001000,
0100011000111110,
1111101110000000,
1111011010000111,
0100010111110000,
0100011000011111,
0001010111111000,
0100011000111110,
1111101110000000,
1111011010000111,
0100010111110000,
0100011000010111,
0001010111111000,
0100011000111110,
1111101110000000,
1111011010000111,
0100010111110000,
0100011000001111,
0001010111111000,
0100011000111110,
1111101110000000,
1111011010000111,
0100010111110000,
0100011000000111,
0001010111111000,
0100011000111110,
1111101111000000,
0000000110000011,
0100001110000111,
0100101000000000,
0000000001110111,
0100100101010110,
0101010001000011,
0101001001001111,
0000000001011001,
0100010101000100,
0100010101000110,
0101010001000001,
0000000000000000,
0111001001010000,
0111001101100101,
0010000001110011,
0100111001000101,
0100010101010100,
0010000001010010,
0110111101110100,
0110001100100000,
0110111001101111,
0110100101110100,
0111010101101110,
0000000001100101,
1111101011000000,
0000000000000001,
1111101111000000,
0000000001011100,
0100001100000111,
1111101111000000,
1000000000000000,
1111101110000000,
0000001000011111,
0000001111111110,
0100010000111000,
1111101111000000,
0000110101010110,
0011010111000000,
1111101000000000,
0000000000000010,
0100101000000000,
0000110101011000,
1111101000000000,
0000000000000001,
1111101111000000,
1111011010000111,
0100010110111000,
1111101111000000,
0000000000000011,
0000001111110111,
0100011000000111,
1111101111000000,
1000000000000000,
1111101110000000,
0000001000100101,
0000001111111110,
0100010001111000,
1111101111000000,
0000110101111001,
0011010111001000,
1111101111000000,
1111011010000111,
0100010111111000,
1111101110000000,
1111011010001000,
0100011000111110,
1111101110000000,
1111011010000111,
0100010111110000,
0100011000000111,
0001010111111000,
0100011000111110,
1111101111000000,
0000000011010111,
0100001110000111,
0100101000000000,
0000110110001010,
1111101001000000,
0000000000000000,
1111101111000000,
1111011010000111,
0100010111111000,
1111101110000000,
1111011010001000,
0100011000111110,
1111101110000000,
1111011010000111,
0100010111110000,
0100011000001111,
0001010111111000,
0100011000111110,
1111101111000000,
0000000011010111,
0100001110000111,
1111101111000000,
1000000000000000,
1111101110000000,
0000001000011111,
0000001111111110,
0100010000111000,
1111101111000000,
1111011010000111,
0100010110111000,
1111101111000000,
0000000000000011,
0000001111110111,
0100010010111000,
1111101111000000,
0000110111000011,
0011010111000000,
1111101000000000,
0000110100110000,
1111101001000000,
0000000000001111,
1111101011000000,
0000000000000000,
1111101111000000,
1111011010000111,
0100010111111000,
1111101110000000,
1111011010001000,
0100011000111110,
1111101110000000,
1111011010000111,
0100010111110000,
0100011000011111,
0001010111111000,
0100011000111110,
1111101110000000,
1111011010000111,
0100010111110000,
0100011000010111,
0001010111111000,
0100011000111110,
1111101110000000,
1111011010000111,
0100010111110000,
0100011000001111,
0001010111111000,
0100011000111110,
1111101110000000,
1111011010000111,
0100010111110000,
0100011000000111,
0001010111111000,
0100011000111110,
1111101111000000,
0000000110000011,
0100001110000111,
0100101000000000,
0000110111101010,
1111101000000000,
0000110100110100,
1111101001000000,
0000000000001111,
1111101011000000,
0000000000000000,
1111101111000000,
1111011010000111,
0100010111111000,
1111101110000000,
1111011010001000,
0100011000111110,
1111101110000000,
1111011010000111,
0100010111110000,
0100011000011111,
0001010111111000,
0100011000111110,
1111101110000000,
1111011010000111,
0100010111110000,
0100011000010111,
0001010111111000,
0100011000111110,
1111101110000000,
1111011010000111,
0100010111110000,
0100011000001111,
0001010111111000,
0100011000111110,
1111101110000000,
1111011010000111,
0100010111110000,
0100011000000111,
0001010111111000,
0100011000111110,
1111101111000000,
0000000110000011,
0100001110000111,
1111101111000000,
1000000000000000,
1111101110000000,
0000001000100010,
0000001111111110,
0100010000111000,
1111101111000000,
0000111000011100,
0011011111000000,
1111101000000000,
0000110100111000,
1111101001000000,
0000000000011100,
1111101010000000,
0000000000001110,
1111101011000000,
0000000000000000,
1111101111000000,
1111011010000111,
0100010111111000,
1111101110000000,
1111011010001000,
0100011000111110,
1111101110000000,
1111011010000111,
0100010111110000,
0100011000011111,
0001010111111000,
0100011000111110,
1111101110000000,
1111011010000111,
0100010111110000,
0100011000010111,
0001010111111000,
0100011000111110,
1111101110000000,
1111011010000111,
0100010111110000,
0100011000001111,
0001010111111000,
0100011000111110,
1111101110000000,
1111011010000111,
0100010111110000,
0100011000000111,
0001010111111000,
0100011000111110,
1111101111000000,
0000000110000011,
0100001110000111,
0100101000000000,
0000000001110111,
1111101011000000,
0000000000000000,
1111101111000000,
0000000001011100,
0100001100000111,
1111101110000000,
0000000000000000,
1111101111000000,
1000000000000000,
0000001110110111,
1111101000000000,
0000000000000000,
1111101001000000,
0000000000001001,
1111101111000000,
0000111000110110,
0100110111000001,
0000001001000110,
0100010010001000,
0010100010010010,
0100011000010001,
0001001000000000,
0100101000000000,
0000111000101010,
1111101000000000,
1111111111111101,
0100010000000000,
1111101111000000,
0000111011100011,
0011010111000000,
1111101001000000,
0000000111111111,
0001011001001000,
1111101010000000,
0000000000010101,
1111101111000000,
0000111001010001,
0100111111001010,
1111101111000000,
1000000000000000,
1111101011000000,
0000000000000100,
0000001011011111,
1111101001000000,
0000001000000000,
0001011001001000,
0100010010011000,
0010101010010001,
0100011000010011,
0100101000000000,
0000111000110110,
1111101010000000,
0000000000100100,
0000010010001010,
1111101111000000,
0000111001100100,
0011011111010000,
1111101111000000,
1000000000000000,
1111101011000000,
0000000000000101,
0000001011011111,
1111101001000000,
0000001000000000,
0001011001001000,
0100010010011000,
0010101010010001,
0100011000010011,
0100101000000000,
0000111000110110,
1111101010000000,
0000000000101101,
0000010010001010,
1111101111000000,
0000111001110111,
0011011111010000,
1111101111000000,
1000000000000000,
1111101011000000,
0000000000000110,
0000001011011111,
1111101001000000,
0000001000000000,
0001011001001000,
0100010010011000,
0010101010010001,
0100011000010011,
0100101000000000,
0000111000110110,
1111101010000000,
0000000001011010,
1111101111000000,
0000111010001001,
0100111111001010,
1111101111000000,
1000000000000000,
1111101011000000,
0000000000000111,
0000001011011111,
1111101001000000,
0000001000000000,
0001011001001000,
0100010010011000,
0010101010010001,
0100011000010011,
0100101000000000,
0000111000110110,
1111101010000000,
0000000001110110,
1111101111000000,
0000111010011011,
0100111111001010,
1111101111000000,
1000000000000000,
1111101011000000,
0000000000001000,
0000001011011111,
1111101001000000,
0000001000000000,
0001011001001000,
0100010010011000,
0010101010010001,
0100011000010011,
0100101000000000,
0000111000110110,
1111101010000000,
0000000101110101,
1111101111000000,
0000111010101101,
0100111111010001,
1111101111000000,
1000000000000000,
1111101011000000,
0000000000000000,
0000001011011111,
1111101001000000,
0000001000000000,
0001011001001000,
0100010010011000,
0010101010010001,
0100011000010011,
0100101000000000,
0000111000110110,
1111101010000000,
0000000101101011,
1111101111000000,
0000111010111111,
0100111111001010,
1111101111000000,
1000000000000000,
1111101011000000,
0000000000000001,
0000001011011111,
1111101001000000,
0000001000000000,
0001011001001000,
0100010010011000,
0010101010010001,
0100011000010011,
0100101000000000,
0000111000110110,
1111101010000000,
0000000101110010,
1111101111000000,
0000111011010001,
0100111111001010,
1111101111000000,
1000000000000000,
1111101011000000,
0000000000000010,
0000001011011111,
1111101001000000,
0000001000000000,
0001011001001000,
0100010010011000,
0010101010010001,
0100011000010011,
0100101000000000,
0000111000110110,
1111101010000000,
0000000101110100,
1111101111000000,
0000111000110110,
0100111111001010,
1111101111000000,
1000000000000000,
1111101011000000,
0000000000000011,
0000001011011111,
1111101001000000,
0000001000000000,
0001011001001000,
0100010010011000,
0010101010010001,
0100011000010011,
0100101000000000,
0000111000110110,
0100101000000000,
0000000001110111,
1111101011000000,
0000000000000000,
1111101111000000,
0000000001011100,
0100001100000111,
1111101111000000,
1000000000000000,
1111101110000000,
0000000000001101,
0000001111111110,
0100010000111000,
1111101111000000,
0000111100110111,
0011010111000000,
1111101111000000,
1000000000000000,
1111101110000000,
0000000000001110,
0000001111111110,
0100010000111000,
1111101111000000,
0000111100110111,
0011011111000000,
1111101111000000,
1000000000000000,
1111101110000000,
0000000000001111,
0000001111111110,
0100010000111000,
1111101111000000,
0000111100100000,
0011011111000000,
1111101000000000,
0000000000010011,
1111101111000000,
1111111111101100,
1111101110000000,
0000000000001001,
0000001111111110,
0100011000000111,
1111101111000000,
1111111111101100,
1111101110000000,
0000001000000000,
0100010101111000,
0001100101101110,
0100011000101111,
1111101000000000,
0000000000000101,
1111101111000000,
1000000000000000,
1111101110000000,
0000000000010110,
0000001111111110,
0100011000000111,
1111101000000000,
1111111111111111,
0100101000000000,
0000000001110111,
1111101111000000,
1000000000000000,
1111101110000000,
0000000000001111,
0000001111111110,
0100010000111000,
0001010000000000,
0100011000000111,
1111101000000000,
0000000001100100,
1111101111000000,
1000000000000000,
1111101110000000,
0000000000001110,
0000001111111110,
0100011000000111,
1111101111000000,
1111111111101100,
1111101110000000,
0000001000000000,
0100010101111000,
0001100101101110,
0100011000101111,
1111101000000000,
0000000000000000,
0100101000000000,
0000000001110111,
1111101011000000,
0000000000000000,
1111101111000000,
0000000001011100,
0100001100000111,
1111101111000000,
0000000000000000,
1111101110000000,
1000000000000000,
0000001111110111,
0100010010111000,
1111101000000000,
0000000000000000,
0010100001000010,
0010011010000010,
0001101010010000,
0001011000010001,
1111101101000000,
0000111101011000,
0011010101000000,
1111101111000000,
1000000000000000,
1111101110000000,
0000001000011000,
0000001111111110,
0100010001111000,
0011010101001000,
0001010001001000,
0100011000001111,
1111101111000000,
0000000000000010,
1111101110000000,
1000000000000000,
0000001111110111,
0100010010111000,
1111101000000000,
0000000000000000,
0010100001000010,
0010011010000010,
0001101010010000,
0001011000010001,
1111101101000000,
0000111101110010,
0011010101000000,
1111101111000000,
1000000000000000,
1111101110000000,
0000001000011000,
0000001111111110,
0100010001111000,
1111101010000000,
0000000000001001,
0100110101001010,
0001001001001000,
0100011000001111,
1111101111000000,
0000000000000001,
1111101110000000,
1000000000000000,
0000001111110111,
0100010010111000,
1111101000000000,
0000000000000000,
0010100001000010,
0010011010000010,
0001101010010000,
0001011000010001,
1111101101000000,
0000111110001010,
0011010101000000,
1111101111000000,
1000000000000000,
1111101110000000,
0000001000010111,
0000001111111110,
0100010001111000,
0011010101001000,
0001010001001000,
0100011000001111,
1111101111000000,
0000000000000011,
1111101110000000,
1000000000000000,
0000001111110111,
0100010010111000,
1111101000000000,
0000000000000000,
0010100001000010,
0010011010000010,
0001101010010000,
0001011000010001,
1111101101000000,
0000111110100100,
0011010101000000,
1111101111000000,
1000000000000000,
1111101110000000,
0000001000010111,
0000001111111110,
0100010001111000,
1111101010000000,
0000000000001001,
0100110101001010,
0001001001001000,
0100011000001111,
0100101000000000,
0000000001110111,
1111101011000000,
0000000000000000,
1111101111000000,
0000000001011100,
0100001100000111,
1111101000000000,
1111111111111111,
1111101111000000,
1000000000000000,
1111101110000000,
0000000000001101,
0000001111111110,
0100011000000111,
1111101000000000,
0000000000000101,
1111101111000000,
1000000000000000,
1111101110000000,
0000000000001111,
0000001111111110,
0100011000000111,
1111101000000000,
0000000001100100,
1111101111000000,
1000000000000000,
1111101110000000,
0000000000001110,
0000001111111110,
0100011000000111,
0100101000000000,
0000000001110111,
1111101011000000,
0000000000000000,
1111101111000000,
0000000001011100,
0100001100000111,
1111101000000000,
0000000000000000,
1111101111000000,
1000000000000000,
1111101110000000,
0000000000001101,
0000001111111110,
0100011000000111,
1111101000000000,
0000000000000000,
1111101111000000,
1000000000000000,
1111101110000000,
0000000000001111,
0000001111111110,
0100011000000111,
1111101000000000,
0000000000000000,
1111101111000000,
1000000000000000,
1111101110000000,
0000000000001110,
0000001111111110,
0100011000000111,
0100101000000000,
0000000001110111,
0100111001010101,
0101100001000101,
0100010101000011,
0101010001010000,
0100010001000101,
0100010100100000,
0101001001010010,
0101001001001111,
0000000000000000,
0101000001000011,
0010000001010101,
0101001101001001,
0100100000100000,
0100110001000001,
0100010101010100,
0000000001000100,
1111101011000000,
0000000000000000,
1111101111000000,
0000000001011100,
0100001100000111,
1111101000000000,
0000000000000001,
1111101111000000,
1111011010000111,
0100010111111000,
1111101110000000,
1111011010001000,
0100011000111110,
1111101110000000,
1111011010000111,
0100010111110000,
0100011000000111,
0001010111111000,
0100011000111110,
1111101111000000,
0000000011010111,
0100001110000111,
1111101000000000,
0000111111100100,
1111101001000000,
0000000000001110,
1111101010000000,
0000000000000000,
1111101011000000,
0000000000000001,
1111101111000000,
1111011010000111,
0100010111111000,
1111101110000000,
1111011010001000,
0100011000111110,
1111101110000000,
1111011010000111,
0100010111110000,
0100011000011111,
0001010111111000,
0100011000111110,
1111101110000000,
1111011010000111,
0100010111110000,
0100011000010111,
0001010111111000,
0100011000111110,
1111101110000000,
1111011010000111,
0100010111110000,
0100011000001111,
0001010111111000,
0100011000111110,
1111101110000000,
1111011010000111,
0100010111110000,
0100011000000111,
0001010111111000,
0100011000111110,
1111101111000000,
0000000110000011,
0100001110000111,
1111101000000000,
0000111111101101,
1111101001000000,
0000000000010000,
1111101010000000,
0000000000000000,
1111101011000000,
0000000000000001,
1111101111000000,
1111011010000111,
0100010111111000,
1111101110000000,
1111011010001000,
0100011000111110,
1111101110000000,
1111011010000111,
0100010111110000,
0100011000011111,
0001010111111000,
0100011000111110,
1111101110000000,
1111011010000111,
0100010111110000,
0100011000010111,
0001010111111000,
0100011000111110,
1111101110000000,
1111011010000111,
0100010111110000,
0100011000001111,
0001010111111000,
0100011000111110,
1111101110000000,
1111011010000111,
0100010111110000,
0100011000000111,
0001010111111000,
0100011000111110,
1111101111000000,
0000000110000011,
0100001110000111,
1111101111000000,
1111011010000111,
0100010111111000,
1111101110000000,
1111011010001000,
0100011000111110,
1111101000000000,
1111101100111100,
1111101001000000,
0000010010110000,
1111101010000000,
1111011010001100,
1111101111000000,
0000000010000111,
0100001110000111,
1111111000000000,
0100101000000000,
0000000001110111,
1111101011000000,
0000000000000000,
1111101111000000,
0000000001011100,
0100001100000111,
1111101000000000,
0000000000000000,
1111101111000000,
1111011010000111,
0100010111111000,
1111101110000000,
1111011010001000,
0100011000111110,
1111101110000000,
1111011010000111,
0100010111110000,
0100011000000111,
0001010111111000,
0100011000111110,
1111101111000000,
0000000011010111,
0100001110000111,
1111101111000000,
1111111111101100,
0100010000111000,
1111101111000000,
0001000010010011,
0011010111000000,
1111101111000000,
1111111111101100,
1111101110000000,
0000000100000000,
0100010101111000,
0001100101101110,
0100011000101111,
0100101000000000,
0001000010000100,
1111101111000000,
0000000000000000,
1111101110000000,
1000000000000000,
0000001111110111,
0100010010111000,
1111101000000000,
0000000000000000,
0010100001000010,
0010011010000010,
0001101010010000,
0001011000010001,
1111101111000000,
0001000010101100,
0011010111000000,
1111101000000000,
0000000000000000,
1111101111000000,
1000000000000000,
1111101110000000,
0000000000010101,
0000001111111110,
0100011000000111,
0100101000000000,
0001000010101100,
1111101111000000,
0000000000000010,
1111101110000000,
1000000000000000,
0000001111110111,
0100010010111000,
1111101000000000,
0000000000000000,
0010100001000010,
0010011010000010,
0001101010010000,
0001011000010001,
1111101111000000,
0001000011000101,
0011010111000000,
1111101000000000,
0000000000000001,
1111101111000000,
1000000000000000,
1111101110000000,
0000000000010101,
0000001111111110,
0100011000000111,
0100101000000000,
0001000011000101,
1111101111000000,
0000000000000111,
1111101110000000,
1000000000000000,
0000001111110111,
0100010010111000,
1111101000000000,
0000000000000000,
0010100001000010,
0010011010000010,
0001101010010000,
0001011000010001,
1111101111000000,
0001000011011110,
0011010111000000,
1111101000000000,
0000000000000010,
1111101111000000,
1000000000000000,
1111101110000000,
0000000000010110,
0000001111111110,
0100011000000111,
0100101000000000,
0001000011011110,
1111101111000000,
1111011010000111,
0100010111111000,
1111101110000000,
1111011010001000,
0100011000111110,
1111101111000000,
0000001001101111,
0100001110000111,
0100101000000000,
0000000001110111,
1111101011000000,
0000000000000000,
1111101111000000,
0000000001011100,
0100001100000111,
1111101111000000,
0000000000001000,
1111101110000000,
1000000000000000,
0000001111110111,
0100010010111000,
1111101000000000,
0000000000000000,
0010100001000010,
0010011010000010,
0001101010010000,
0001011000010001,
1111101111000000,
0001000100000111,
0011010111000000,
1111101000000000,
0000000000000001,
1111101111000000,
1000000000000000,
1111101110000000,
0000000000010110,
0000001111111110,
0100011000000111,
0100101000000000,
0000000001110111,
1111101111000000,
1111111111101100,
0100010000111000,
1111101111000000,
0001000101010110,
0011010111000000,
1111101111000000,
1111111111101100,
1111101110000000,
0000000100000000,
0100010101111000,
0001100101101110,
0100011000101111,
1111101111000000,
1000000000000000,
1111101110000000,
0000000000010101,
0000001111111110,
0100010000111000,
1111101111000000,
0001000101000001,
0011010111000000,
1111101111000000,
1111111111101100,
1111101110000000,
0000000000000001,
0000001111111110,
0100010000111000,
1111101110000000,
0000000000000000,
1111101111000000,
0001000100000111,
0100111111000110,
1111101000000000,
0000000000000001,
1111101111000000,
1111111111101100,
1111101110000000,
0000000000001001,
0000001111111110,
0100011000000111,
1111101111000000,
1111111111101100,
1111101110000000,
0000001000000000,
0100010101111000,
0001100101101110,
0100011000101111,
1111101000000000,
0000000000000011,
1111101111000000,
1000000000000000,
1111101110000000,
0000000000010110,
0000001111111110,
0100011000000111,
0100101000000000,
0001000100000111,
1111101111000000,
1111111111101100,
1111101110000000,
0000000000000001,
0000001111111110,
0100010000111000,
1111101110000000,
0000000000000001,
1111101111000000,
0001000100000111,
0100111111000110,
1111101000000000,
0000000000000011,
1111101111000000,
1000000000000000,
1111101110000000,
0000000000010110,
0000001111111110,
0100011000000111,
0100101000000000,
0001000100000111,
1111101111000000,
1000000000000000,
1111101110000000,
0000000000010101,
0000001111111110,
0100010000111000,
1111101010000000,
0001000101111101,
0011011010000000,
1111101111000000,
1000000000000000,
1111101110000000,
0000000000001110,
0000001111111110,
0100010000111000,
0011011010000000,
1111101000000000,
0000000000100000,
1111101111000000,
1000000000000000,
1111101110000000,
0000000000001110,
0000001111111110,
0100011000000111,
1111101000000000,
0000000000000000,
1111101111000000,
1111111111101100,
1111101110000000,
0000000000001001,
0000001111111110,
0100011000000111,
1111101111000000,
1111111111101100,
1111101110000000,
0000001000000000,
0100010101111000,
0001100101101110,
0100011000101111,
1111101111000000,
1111011010000111,
0100010111111000,
1111101110000000,
1111011010001000,
0100011000111110,
1111101111000000,
0000001111111011,
0100001110000111,
0100101000000000,
0000000001110111,
1111101011000000,
0000000000000000,
1111101111000000,
0000000001011100,
0100001100000111,
1111101111000000,
1111011010001010,
0100010001111000,
1111101111000000,
1000000000000000,
1111101110000000,
0000000000010011,
0000001111111110,
0100010010111000,
0000010000001010,
1111101111000000,
0001000110100000,
0011010111000000,
1111101111000000,
1000000000000000,
1111101110000000,
0000000000010011,
0000001111111110,
0100011000001111,
0100101000000000,
0000000001110111,
1111101011000000,
0000000000000000,
1111101111000000,
0000000001011100,
0100001100000111,
1111101111000000,
1111011010000111,
0100010111111000,
1111101110000000,
1111011010001000,
0100011000111110,
1111101111000000,
0001000110001000,
0100001110000111,
1111101111000000,
0001001010000100,
0011010111000000,
1111101111000000,
1000000000000000,
1111101110000000,
0000000000001001,
0000001111111110,
0100010000111000,
1111101111000000,
0001000111000011,
0011010111000000,
0001010000000000,
1111101111000000,
1000000000000000,
1111101110000000,
0000000000001001,
0000001111111110,
0100011000000111,
1111101111000000,
1000000000000000,
1111101110000000,
0000000000001010,
0000001111111110,
0100010000111000,
1111101111000000,
0001000111010011,
0011010111000000,
0001010000000000,
1111101111000000,
1000000000000000,
1111101110000000,
0000000000001010,
0000001111111110,
0100011000000111,
1111101111000000,
1000000000000000,
1111101110000000,
0000000000001011,
0000001111111110,
0100010000111000,
1111101111000000,
0001000111100101,
0011010111000000,
0001010000000000,
1111101111000000,
1000000000000000,
1111101110000000,
0000000000001011,
0000001111111110,
0100011000000111,
0100101000000000,
0001000111111010,
1111101000000000,
0000000000000101,
1111101111000000,
1000000000000000,
1111101110000000,
0000000000001011,
0000001111111110,
0100011000000111,
1111101111000000,
1000000000000000,
1111101110000000,
0000000000001100,
0000001111111110,
0100010000111000,
0001101000000000,
1111101111000000,
1000000000000000,
1111101110000000,
0000000000001100,
0000001111111110,
0100011000000111,
1111101111000000,
1000000000000000,
1111101110000000,
0000000000001110,
0000001111111110,
0100010000111000,
1111101111000000,
0001001000001010,
0011010111000000,
0001010000000000,
1111101111000000,
1000000000000000,
1111101110000000,
0000000000001110,
0000001111111110,
0100011000000111,
1111101111000000,
1000000000000000,
1111101110000000,
0000000000010001,
0000001111111110,
0100010000111000,
1111101111000000,
0001001000011100,
0011010111000000,
0001010000000000,
1111101111000000,
1000000000000000,
1111101110000000,
0000000000010001,
0000001111111110,
0100011000000111,
0100101000000000,
0001001000111101,
1111101000000000,
0000000000010000,
1111101111000000,
1000000000000000,
1111101110000000,
0000000000010001,
0000001111111110,
0100011000000111,
1111101111000000,
1000000000000000,
1111101110000000,
0000000000010010,
0000001111111110,
0100010000111000,
1111101001000000,
0000000000000110,
1111101111000000,
0001001000110011,
0100110111000001,
0001001000000000,
0001001000000000,
0100101000000000,
0001001000110101,
1111101000000000,
0000000000000000,
1111101111000000,
1000000000000000,
1111101110000000,
0000000000010010,
0000001111111110,
0100011000000111,
0100101000000000,
0001001000111101,
1111101111000000,
1000000000000000,
1111101110000000,
0000001000100010,
0000001111111110,
0100010000111000,
1111101111000000,
0001001001001101,
0011010111000000,
0001010000000000,
1111101111000000,
1000000000000000,
1111101110000000,
0000001000100010,
0000001111111110,
0100011000000111,
1111101111000000,
1000000000000000,
1111101110000000,
0000001000100011,
0000001111111110,
0100010000111000,
1111101111000000,
0001001001011111,
0011010111000000,
0001010000000000,
1111101111000000,
1000000000000000,
1111101110000000,
0000001000100011,
0000001111111110,
0100011000000111,
0100101000000000,
0001001010000100,
1111101111000000,
1000000000000000,
1111101110000000,
0000001000100100,
0000001111111110,
0100010000111000,
1111101111000000,
0001001010000100,
0011010111000000,
0001010000000000,
1111101111000000,
1000000000000000,
1111101110000000,
0000001000100100,
0000001111111110,
0100011000000111,
1111101111000000,
1000000000000000,
1111101110000000,
0000001000100101,
0000001111111110,
0100010000111000,
0001101000000000,
1111101111000000,
1000000000000000,
1111101110000000,
0000001000100101,
0000001111111110,
0100011000000111,
1111101000000000,
0000000000001010,
1111101111000000,
1000000000000000,
1111101110000000,
0000001000100011,
0000001111111110,
0100011000000111,
0100101000000000,
0000000001110111,
1111101011000000,
0000000000000011,
1111101111000000,
0000000001011100,
0100001100000111,
1111101111000000,
1111011010000111,
0100010110111000,
1111101111000000,
0000000000000110,
0000001111110111,
0100010000111000,
1111101111000000,
0000000000000010,
0000001000000111,
0100010000000000,
1111101111000000,
0000000000000011,
0000001111110111,
0100011000000111,
1111101111000000,
0000000000000111,
0000001111110111,
0100010000111000,
1111101111000000,
0000000000000000,
0000001000000111,
1111101111000000,
0000000000000100,
0000001111110111,
0100011000000111,
1111101000000000,
0000000000000001,
1111101111000000,
0000000000000101,
0000001111110111,
0100011000000111,
1111101111000000,
0000000000000101,
0000001111110111,
0100010000111000,
1111101111000000,
0001001011011001,
1111101001000000,
0000000000000100,
0101000111000001,
1111101111000000,
0000000000000011,
0000001111110111,
0100010011111000,
0000010011011000,
1111101111000000,
0001001010111110,
0011001111011000,
0100101000000000,
0001001010111111,
0000001011011001,
1111101111000000,
0000000000000100,
0000001111110111,
0100010010111000,
0000001010010011,
0100010010010000,
1111101100000000,
0000000010110010,
1111101101000000,
0000000000000010,
0000101101011101,
0000001100100101,
1111101101000000,
0000000000000001,
0000001100100101,
0100010100100000,
1111101111000000,
0001001011011001,
0101001111010100,
0001001000000000,
1111101111000000,
0000000000000101,
0000001111110111,
0100011000000111,
0100101000000000,
0001001010101011,
1111101111000000,
0000000000000110,
0000001111110111,
0100010000111000,
1111101111000000,
0000000000000010,
0000001000000111,
0100011000011000,
0100101000000000,
0000000001110111,
1111101011000000,
0000000000000011,
1111101111000000,
0000000001011100,
0100001100000111,
1111101111000000,
1111011010000111,
0100010110111000,
1111101111000000,
0000000000000110,
0000001111110111,
0100010000111000,
1111101111000000,
0000000000000010,
0000001000000111,
0100010000000000,
1111101111000000,
0000000000000011,
0000001111110111,
0100011000000111,
1111101111000000,
0000000000000111,
0000001111110111,
0100010000111000,
1111101111000000,
0000000000000000,
0000001000000111,
1111101111000000,
0000000000000100,
0000001111110111,
0100011000000111,
1111101000000000,
0000000000000001,
1111101111000000,
0000000000000101,
0000001111110111,
0100011000000111,
1111101111000000,
0000000000000101,
0000001111110111,
0100010000111000,
1111101111000000,
0001001100110110,
1111101001000000,
0000000000000100,
0101000111000001,
1111101111000000,
0000000000000011,
0000001111110111,
0100010011111000,
0000001011011000,
1111101111000000,
0001001100011100,
1111101101000000,
0000000000000100,
0101001111011101,
0000010011011001,
1111101111000000,
0000000000000100,
0000001111110111,
0100010010111000,
0000001010010011,
0100010010010000,
1111101100000000,
0000000010110010,
1111101101000000,
0000000000000010,
0000101101011101,
0000001100100101,
1111101101000000,
0000000000000001,
0000001100100101,
0100010100100000,
1111101111000000,
0001001100110110,
0101001111010100,
0001001000000000,
1111101111000000,
0000000000000101,
0000001111110111,
0100011000000111,
0100101000000000,
0001001100001000,
1111101111000000,
0000000000000110,
0000001111110111,
0100010000111000,
1111101111000000,
0000000000000010,
0000001000000111,
0100011000011000,
0100101000000000,
0000000001110111,
1111101011000000,
0000000000000000,
1111101111000000,
0000000001011100,
0100001100000111,
1111101111000000,
1000000000000000,
1111101110000000,
0000001000010111,
0000001111111110,
0100010000111000,
1111101111000000,
1000000000000000,
1111101110000000,
0000001000011000,
0000001111111110,
0100010001111000,
1111101111000000,
0000001000011011,
1111101110000000,
1000000000000000,
0000001111110111,
1111101110000000,
0000000000000000,
0000001110111110,
0100011000000110,
1111101110000000,
0000000000000001,
0000001110111110,
0100011000001110,
1111101111000000,
0000000000000110,
1111101110000000,
1000000000000000,
0000001111110111,
0100010010111000,
1111101000000000,
0000000000000000,
0010100001000010,
0010011010000010,
0001101010010000,
0001011000010001,
1111101101000000,
0001001101111000,
0011010101000000,
1111101111000000,
1000000000000000,
1111101110000000,
0000001000011011,
0000001110110111,
1111101111000000,
0000000000000011,
0000001110110111,
0100010001110000,
0001101001001000,
0100011000001110,
1111101111000000,
0000000000000100,
1111101110000000,
1000000000000000,
0000001111110111,
0100010010111000,
1111101000000000,
0000000000000000,
0010100001000010,
0010011010000010,
0001101010010000,
0001011000010001,
1111101101000000,
0001001110101010,
0011010101000000,
1111101111000000,
1000000000000000,
1111101110000000,
0000001000011011,
0000001111111110,
0100010001111000,
0010110001111000,
1111101111000000,
1000000000000000,
1111101110000000,
0000000000010111,
0000001111111110,
0100010010111000,
0010110010111000,
1111101111000000,
1111011010000111,
0100010111111000,
1111101110000000,
1111011010001000,
0100011000111110,
1111101110000000,
1111011010000111,
0100010111110000,
0100011000010111,
0001010111111000,
0100011000111110,
1111101110000000,
1111011010000111,
0100010111110000,
0100011000001111,
0001010111111000,
0100011000111110,
1111101111000000,
0001001010000110,
0100001110000111,
1111101111000000,
0000000000000101,
1111101110000000,
1000000000000000,
0000001111110111,
0100010010111000,
1111101000000000,
0000000000000000,
0010100001000010,
0010011010000010,
0001101010010000,
0001011000010001,
1111101101000000,
0001001111011100,
0011010101000000,
1111101111000000,
1000000000000000,
1111101110000000,
0000001000011011,
0000001111111110,
0100010001111000,
0010110001111000,
1111101111000000,
1000000000000000,
1111101110000000,
0000000000010111,
0000001111111110,
0100010010111000,
0010110010111000,
1111101111000000,
1111011010000111,
0100010111111000,
1111101110000000,
1111011010001000,
0100011000111110,
1111101110000000,
1111011010000111,
0100010111110000,
0100011000010111,
0001010111111000,
0100011000111110,
1111101110000000,
1111011010000111,
0100010111110000,
0100011000001111,
0001010111111000,
0100011000111110,
1111101111000000,
0001001011100011,
0100001110000111,
0100101000000000,
0000000001110111,
1111101011000000,
0000000000001000,
1111101111000000,
0000000001011100,
0100001100000111,
1111101111000000,
1111011010000111,
0100010110111000,
1111101111000000,
0000000000001011,
0000001111110111,
0100010000111000,
1111101111000000,
0000000000000010,
0000001111000111,
0010110001111000,
0100010001001000,
1111101111000000,
0000000000000010,
1111101101000000,
0000000010110010,
0000101111111001,
0000001111101111,
0010110001111000,
1111101111000000,
0000000000000000,
0000001111001111,
0010110001111000,
0100010001001000,
1111101111000000,
0000000000000011,
0000001111110111,
0100011000001111,
1111101111000000,
0000000000000000,
0000001111000111,
0010110001111000,
0100010001001000,
1111101111000000,
0000000000000100,
0000001111110111,
0100011000001111,
1111101111000000,
0000000000000001,
0000001111000111,
0010110001111000,
0100010001001000,
1111101111000000,
0000000000000101,
0000001111110111,
0100011000001111,
1111101111000000,
0000000000000011,
0000001111000111,
0010110001111000,
0100010001001000,
1111101111000000,
0000000000000110,
0000001111110111,
0100011000001111,
1111101111000000,
0000000000000011,
0000001111110111,
0100010010111000,
1111101111000000,
0001010000101101,
0011010111001000,
1111101111000000,
0000000000000100,
0000001111110111,
0100010000111000,
1111101111000000,
0001010010101100,
0000001000000010,
1111101001000000,
0000000000001010,
0101000111000001,
0100101000000000,
0001010000110111,
1111101111000000,
0000000000000101,
0000001111110111,
0100010000111000,
1111101111000000,
0001010010101100,
0000001000000010,
1111101001000000,
0000000000001010,
0101000111000001,
1111101000000000,
1111111111111111,
1111101111000000,
0000000000001001,
0000001111110111,
0100011000000111,
1111101111000000,
0000000000001001,
0000001111110111,
0100010000111000,
1111101111000000,
0000000000000011,
0000001111110111,
0100010001111000,
1111101111000000,
0001010010101000,
0101000111000001,
1111101001000000,
1111111111111111,
1111101111000000,
0000000000001010,
0000001111110111,
0100011000001111,
1111101111000000,
0000000000001010,
0000001111110111,
0100010001111000,
1111101010000000,
0000000000000001,
1111101111000000,
0001010010011101,
0101000111001010,
1111101111000000,
0000000000000100,
0000001111110111,
0100010010111000,
1111101111000000,
0000000000000101,
0000001111110111,
0100010011111000,
1111101111000000,
0000000000000110,
0000001111110111,
0100010100111000,
1111101111000000,
0001010001101010,
0011010111100000,
0000001010010000,
0000001011011001,
0100101000000000,
0001010001101100,
0000001010010001,
0000001011011000,
1111101100000000,
0000000000000000,
1111101101000000,
0000000000001010,
1111101111000000,
0001010010010010,
0101001111010100,
0101001111011100,
0101010111010101,
0101010111011101,
1111101111000000,
0000000000001100,
0000001111110111,
0100010100111000,
1111101111000000,
0000000000000100,
0000001111100111,
0010110100111000,
1111101111000000,
0000000000010100,
0000101111111011,
0000001111100111,
0010110100111000,
1111101111000000,
0000000000000010,
0000101111111010,
0000001111100111,
0010110100111000,
1111101111000000,
0000000000000000,
0000001111100111,
0010110100111000,
0100010100100000,
1111101111000000,
0001010010101100,
1111101101000000,
0000000000000001,
0100110111100101,
1111101111000000,
0000000000001010,
0000001111110111,
0100010001111000,
0001001001001000,
1111101111000000,
0000000000001010,
0000001111110111,
0100011000001111,
0100101000000000,
0001010001001110,
1111101111000000,
0000000000001001,
0000001111110111,
0100010000111000,
0001001000000000,
1111101111000000,
0000000000001001,
0000001111110111,
0100011000000111,
0100101000000000,
0001010000111101,
1111101000000000,
1111111111111111,
0100101000000000,
0000000001110111,
1111101000000000,
0000000000000000,
0100101000000000,
0000000001110111,
1111101011000000,
0000000000000000,
1111101111000000,
0000000001011100,
0100001100000111,
1111101111000000,
1111011010000111,
0100010110111000,
1111101111000000,
0000000000000011,
0000001111110111,
0100010101111000,
1111101111000000,
0000000000000010,
0000001111101111,
0010110000111000,
0100010000000000,
1111101111000000,
0000000000000010,
1111101100000000,
0000000010110010,
0000101111111000,
0000001111100111,
0010110000111000,
1111101111000000,
0000000000000000,
0000001111000111,
0010110000111000,
0100010000000000,
1111101111000000,
0000000000000000,
0000001111101111,
0010110001111000,
0100010001001000,
1111101111000000,
0000000000000001,
0000001111101111,
0010110010111000,
0100010010010000,
1111101111000000,
0000000000001010,
0000101010010111,
0000001001001010,
1111101111000000,
0000000000000001,
0001111001001111,
1111101111000000,
0000000000000100,
0000001111110111,
0100010011111000,
1111101111000000,
0000000000000100,
0000001111011111,
0010110010111000,
0000001001001010,
1111101111000000,
0000000011001100,
0000001111011111,
0010110011111000,
0100010011011000,
1111101111000000,
0000000000000011,
0000001111101111,
0010110010111000,
0100010010010000,
1111101110000000,
0001010100001101,
1111101111000000,
0001010011111010,
0011011111010000,
1111101010000000,
0000000000010100,
0100101000000000,
0001010011111100,
1111101010000000,
0000000000000010,
0011010110000000,
1111101111000000,
0000000000000000,
0000001111001111,
0010110100111000,
1111101111000000,
0000000000000001,
0000001111001111,
0010110101111000,
1111101111000000,
0000000000000001,
0100011000111100,
0100011000011101,
0000001001001010,
0001010000000000,
0100101000000000,
0001010011111100,
0100101000000000,
0000000001110111,
1111101011000000,
0000000000000110,
1111101111000000,
0000000001011100,
0100001100000111,
1111101111000000,
1111011010000111,
0100010110111000,
1111101111000000,
0000000000001001,
0000001111110111,
0100010000111000,
1111101111000000,
0000000000000010,
0000001111000111,
0010110000111000,
0100010001000000,
1111101111000000,
0000000000000011,
0000001111110111,
0100011000001111,
1111101111000000,
0000000000000000,
1111101101000000,
0000000010110010,
0000001111101111,
1111101101000000,
0000000000000000,
0000001111101111,
0010110000111000,
1111101111000000,
0000000000000010,
0000101111111001,
0000001111000111,
0010110000111000,
0100010000000000,
1111101111000000,
0000000000000100,
0000001111110111,
0100011000000111,
1111101111000000,
0000000000001010,
0000001111110111,
0100010000111000,
1111101111000000,
0000000011001100,
0000001111000111,
0010110001111000,
1111101111000000,
0000000000000101,
0000001111110111,
0100011000001111,
1111101111000000,
0000000000000000,
0000001111000111,
0010110001111000,
1111101111000000,
0000000000000110,
0000001111110111,
0100011000001111,
1111101111000000,
0000000011001101,
0000001111000111,
0010110001111000,
1111101111000000,
0000000000000111,
0000001111110111,
0100011000001111,
1111101111000000,
0000000000001001,
0000001111110111,
0100010000111000,
1111101111000000,
0000000000001010,
0000001111110111,
0100010001111000,
1111101111000000,
1111011010000111,
0100010111111000,
1111101110000000,
1111011010001000,
0100011000111110,
1111101110000000,
1111011010000111,
0100010111110000,
0100011000001111,
0001010111111000,
0100011000111110,
1111101110000000,
1111011010000111,
0100010111110000,
0100011000000111,
0001010111111000,
0100011000111110,
1111101111000000,
0001001111011110,
0100001110000111,
1111101111000000,
0001011000110000,
0011010111000000,
1111101111000000,
1111011010000111,
0100010110111000,
1111101111000000,
0000000000000101,
0000001111110111,
0100010000111000,
0100010000000000,
1111101111000000,
0001011000110000,
1111101001000000,
0000000000001010,
0101010111000001,
1111101111000000,
0000000000000111,
0000001111110111,
0100010001111000,
1111101111000000,
0000000000000101,
0000101111111000,
0000001111001111,
0010110000111000,
1111101111000000,
0000000000001001,
0000001111110111,
0100010001111000,
1111101111000000,
0000000000000000,
0000001111000111,
0010110010111000,
1111101111000000,
0000000000000000,
0000001111001111,
0010110011111000,
0100010011011000,
0100011000011010,
1111101111000000,
0000000000000001,
0000001111000111,
0010110010111000,
1111101111000000,
0000000000000001,
0000001111001111,
0010110011111000,
0100010011011000,
0100011000011010,
1111101111000000,
0000000000000100,
0000001111000111,
0010110010111000,
1111101111000000,
0000000000000011,
0000001111001111,
0010110011111000,
0100010011011000,
0100011000011010,
1111101111000000,
0000000000000010,
0000001111000111,
0010110010111000,
1111101111000000,
0000000000000100,
0000001111110111,
0100010011111000,
0100011000011010,
1111101111000000,
0000000000000011,
0000001111000111,
0010110010111000,
1111101011000000,
0000000000000000,
0100011000011010,
1111101111000000,
0000000000001010,
0000001111110111,
0100010010111000,
1111101111000000,
1111011010000111,
0100010111111000,
1111101110000000,
1111011010001000,
0100011000111110,
1111101110000000,
1111011010000111,
0100010111110000,
0100011000010111,
0001010111111000,
0100011000111110,
1111101110000000,
1111011010000111,
0100010111110000,
0100011000001111,
0001010111111000,
0100011000111110,
1111101111000000,
0001010010110000,
0100001110000111,
1111101111000000,
1111011010000111,
0100010110111000,
1111101111000000,
0000000000000101,
0000001111110111,
0100010000111000,
0100010001000000,
0001001001001000,
0100011000001000,
1111101111000000,
0000000000000110,
0000001111110111,
0100010010111000,
1111101111000000,
0000000000000011,
0000001111110111,
0100010000111000,
1111101111000000,
0000000000000001,
0000101111111000,
0000001111010111,
0010110010111000,
0100010011010000,
0001001011011000,
0100011000011010,
1111101101000000,
0000000000001010,
1111101111000000,
0001011000000000,
0101001111001101,
1111101000000000,
1111111111111111,
1111101111000000,
0000000000001001,
0000001111110111,
0100010001111000,
1111101111000000,
0000000000000010,
0000001111001111,
0010110001111000,
0100011000000001,
0100101000000000,
0001011000101100,
1111101001000000,
0000000010110010,
1111101111000000,
0000000000000010,
0000101111111000,
0000001111001111,
0010110001111000,
1111101111000000,
0000000000000001,
0000001111001111,
0010110001111000,
0100010001001000,
1111101111000000,
0001011000101100,
0101001111011001,
1111101111000000,
0000000000001001,
0000001111110111,
0100010000111000,
1111101111000000,
0000000000001010,
0000001111110111,
0100010001111000,
1111101111000000,
1111011010000111,
0100010111111000,
1111101110000000,
1111011010001000,
0100011000111110,
1111101110000000,
1111011010000111,
0100010111110000,
0100011000001111,
0001010111111000,
0100011000111110,
1111101110000000,
1111011010000111,
0100010111110000,
0100011000000111,
0001010111111000,
0100011000111110,
1111101111000000,
0001001011100011,
0100001110000111,
1111101000000000,
1111111111111111,
0100101000000000,
0000000001110111,
1111101000000000,
0000000000000000,
0100101000000000,
0000000001110111,
1111101011000000,
0000000000001000,
1111101111000000,
0000000001011100,
0100001100000111,
1111101111000000,
1111011010000111,
0100010110111000,
1111101111000000,
0000000000001100,
0000001111110111,
0100010000111000,
1111101111000000,
0000000011001101,
0000001111000111,
0010110001111000,
1111101111000000,
0000000000000011,
0000001111110111,
0100011000001111,
1111101111000000,
0000000011001100,
0000001111000111,
0010110001111000,
1111101111000000,
0000000000000100,
0000001111110111,
0100011000001111,
1111101111000000,
0000000000000000,
0000001111000111,
0010110001111000,
1111101111000000,
0000000000000101,
0000001111110111,
0100011000001111,
1111101111000000,
0000000000000100,
0000001111110111,
0100010000111000,
0100010001000000,
1111101111000000,
0001011101000011,
0011010111001000,
0001010001001000,
0100011000001000,
1111101111000000,
0000000000000011,
0000001111110111,
0100010010111000,
1111101111000000,
0000000000000101,
0000101111111001,
0000001111010111,
0010110010111000,
1111101111000000,
0000000000001010,
0000001111110111,
0100011000010111,
1111101111000000,
0000000000000010,
0000001111010111,
0010110001111000,
0100010001001000,
1111101011000000,
0000000000000100,
0000010001011001,
1111101111000000,
0000000000000110,
0000001111110111,
0100011000001111,
1111101111000000,
0001011010000001,
0011001111001000,
0101010111001011,
0100101000000000,
0001011010001100,
1111101111000000,
0000000000000100,
0000001111110111,
0100010000111000,
0001001000000000,
1111101111000000,
0000000000000100,
0000001111110111,
0100011000000111,
0100101000000000,
0001011101000011,
1111101111000000,
0000000000000101,
0000001111110111,
0100010010111000,
0000001010010001,
0100010011010000,
1111101111000000,
0001011010011001,
1111101101000000,
0000000000000000,
0101011111011101,
0001010011011000,
0100011000011010,
1111101111000000,
0000000000001011,
0000001111110111,
0100010000111000,
1111101111000000,
0000000000001010,
0000001111110111,
0100010001111000,
1111101111000000,
0000000000000010,
0000001111000111,
0010110010111000,
1111101111000000,
0000000000000110,
0000001111110111,
0100010011111000,
0100011000011010,
1111101111000000,
0000000000000011,
0000001111000111,
0010110010111000,
1111101111000000,
0000000000000100,
0000001111001111,
0010110011111000,
0100010011011000,
0100011000011010,
1111101111000000,
0000000000000000,
0000001111000111,
0010110010111000,
1111101111000000,
0000000000000000,
0000001111001111,
0010110011111000,
0100010011011000,
0100011000011010,
1111101111000000,
0000000000000001,
0000001111000111,
0010110010111000,
1111101111000000,
0000000000000001,
0000001111001111,
0010110011111000,
0100010011011000,
0100011000011010,
1111101111000000,
0000000000001101,
0000001111110111,
0100010000111000,
1111101111000000,
0001011011100101,
0011010111000000,
1111101111000000,
0000000000000000,
0000001111001111,
0010110011111000,
1111101111000000,
0000000000000001,
0000001111001111,
0010110100111000,
0100010011011000,
0100010100100000,
1111101111000000,
1000000000000000,
1111101110000000,
0000001000010111,
0000001111111110,
0100011000011111,
1111101111000000,
1000000000000000,
1111101110000000,
0000001000011000,
0000001111111110,
0100011000100111,
1111101111000000,
1111011010000111,
0100010110111000,
1111101111000000,
0000000000000000,
0000001111001111,
0010110011111000,
1111101111000000,
0000000000000001,
0000001111001111,
0010110100111000,
0100010011011000,
0100010100100000,
1111101111000000,
0000000000000111,
0000001111110111,
0100011000011111,
1111101111000000,
0000000000001000,
0000001111110111,
0100011000100111,
1111101111000000,
0000000000001010,
0000001111110111,
0100010101111000,
1111101111000000,
0000000000000010,
0000001111101111,
0010110000111000,
0100010000000000,
1111101111000000,
0000000000000100,
0000001111101111,
0010110101111000,
0100010101101000,
1111101111000000,
0001011100001111,
0011010111101000,
1111101001000000,
0000000000000010,
0100101000000000,
0001011100010001,
1111101001000000,
0000000000010100,
1111101111000000,
0000000000001100,
0000001111110111,
0100010101111000,
1111101111000000,
0000000000000100,
0000001111101111,
0010110101111000,
1111101111000000,
0000000000000111,
0000001111110111,
0100010011111000,
1111101111000000,
0000000000001000,
0000001111110111,
0100010100111000,
1111101111000000,
0000000000010100,
0000101111111100,
0000001111101111,
0010110101111000,
1111101111000000,
0000000000000010,
0000101111111011,
0000001111101111,
0010110101111000,
1111101111000000,
0000000000000000,
0000001111101111,
0010110010111000,
1111101111000000,
0000000000000001,
0000001111101111,
0010110011111000,
1111101100000000,
1111111111111111,
1111101101000000,
0000000000000000,
1111101110000000,
0000000000001010,
1111101111000000,
0001011101000011,
0011010111000000,
0100011000101010,
0100011000100011,
0001010000000000,
0000001010010001,
0000001011011001,
0100101000000000,
0001011100111011,
0100101000000000,
0000000001110111,
1111101011000000,
0000000000000000,
1111101111000000,
0000000001011100,
0100001100000111,
1111101111000000,
1111011010000111,
0100010110111000,
1111101111000000,
1000000000000000,
1111101110000000,
0000000000010111,
0000001111110111,
1111101110000000,
0000000011111111,
0000001111110111,
0100010000111000,
1111101111000000,
0001011110000110,
0011010111000000,
1111101101000000,
0001100000110100,
1111101111000000,
1000000000000000,
1111101110000000,
0000000100010111,
0000001111110111,
1111101110000000,
0000000011111111,
0000001111110111,
0100010000111000,
0011010101000000,
1111101111000000,
1000000000000000,
1111101110000000,
0000000000001101,
0000001111111110,
0100010000111000,
0011011101000000,
1111101000000000,
0000000000000100,
1111101111000000,
1111111111101100,
1111101110000000,
0000000000001001,
0000001111111110,
0100011000000111,
1111101111000000,
1111111111101100,
1111101110000000,
0000001000000000,
0100010101111000,
0001100101101110,
0100011000101111,
1111101111000000,
1111011010000111,
0100010111111000,
1111101110000000,
1111011010001000,
0100011000111110,
1111101111000000,
0000111110100110,
0100001110000111,
0100101000000000,
0001100000110100,
1111101111000000,
0000000000001000,
1111101110000000,
1000000000000000,
0000001111110111,
0100010010111000,
1111101000000000,
0000000000000000,
0010100001000010,
0010011010000010,
0001101010010000,
0001011000010001,
1111101111000000,
0001011110111110,
0011010111000000,
1111101111000000,
1000000000000000,
1111101110000000,
0000001000011011,
0000001111111110,
0010110000111000,
1111101111000000,
1000000000000000,
1111101110000000,
0000000000010111,
0000001111111110,
0010110001111000,
1111101010000000,
1111111111111111,
1111101111000000,
1111011010000111,
0100010111111000,
1111101110000000,
1111011010001000,
0100011000111110,
1111101110000000,
1111011010000111,
0100010111110000,
0100011000010111,
0001010111111000,
0100011000111110,
1111101110000000,
1111011010000111,
0100010111110000,
0100011000001111,
0001010111111000,
0100011000111110,
1111101110000000,
1111011010000111,
0100010111110000,
0100011000000111,
0001010111111000,
0100011000111110,
1111101111000000,
0001011000110100,
0100001110000111,
1111101111000000,
0000000000000111,
1111101110000000,
1000000000000000,
0000001111110111,
0100010010111000,
1111101000000000,
0000000000000000,
0010100001000010,
0010011010000010,
0001101010010000,
0001011000010001,
1111101111000000,
0001100000110100,
0011010111000000,
1111101111000000,
1000000000000000,
1111101110000000,
0000000000010111,
0000001111110111,
1111101110000000,
0000000011001100,
0000001111110111,
0100010000111000,
1111101001000000,
0000000000001010,
1111101111000000,
0001100000000000,
0100111111000001,
1111101000000000,
1111111111111111,
1111101111000000,
1000000000000000,
1111101110000000,
0000000000010111,
0000001111110111,
1111101110000000,
0000000011111111,
0000001111110111,
0100011000000111,
1111101000000000,
0000000000000010,
1111101111000000,
1111111111101100,
1111101110000000,
0000000000001001,
0000001111111110,
0100011000000111,
1111101111000000,
1111111111101100,
1111101110000000,
0000001000000000,
0100010101111000,
0001100101101110,
0100011000101111,
1111101111000000,
1111011010000111,
0100010111111000,
1111101110000000,
1111011010001000,
0100011000111110,
1111101111000000,
0000111110100110,
0100001110000111,
0100101000000000,
0001100000110100,
1111101111000000,
1000000000000000,
1111101110000000,
0000001000011011,
0000001111111110,
0010110000111000,
1111101111000000,
1000000000000000,
1111101110000000,
0000000000010111,
0000001111111110,
0010110001111000,
1111101111000000,
1111011010000111,
0100010111111000,
1111101110000000,
1111011010001000,
0100011000111110,
1111101110000000,
1111011010000111,
0100010111110000,
0100011000001111,
0001010111111000,
0100011000111110,
1111101110000000,
1111011010000111,
0100010111110000,
0100011000000111,
0001010111111000,
0100011000111110,
1111101111000000,
0001010100001111,
0100001110000111,
1111101111000000,
0001100000110100,
0011011111000000,
1111101000000000,
0000000000000101,
1111101111000000,
1000000000000000,
1111101110000000,
0000000000001001,
0000001111111110,
0100011000000111,
1111101000000000,
0000000001100100,
1111101111000000,
1000000000000000,
1111101110000000,
0000000000001010,
0000001111111110,
0100011000000111,
0100101000000000,
0000000001110111,
1111101011000000,
0000000000000100,
1111101111000000,
0000000001011100,
0100001100000111,
1111101111000000,
1111011010000111,
0100010110111000,
1111101111000000,
1111111111101100,
0100010000111000,
1111101111000000,
0001100101110100,
0011010111000000,
1111101111000000,
1111111111101100,
1111101110000000,
0000000100000000,
0100010101111000,
0001100101101110,
0100011000101111,
1111101111000000,
1111111111101100,
1111101110000000,
0000000000000001,
0000001111111110,
0010110000111000,
0100010001000000,
1111101111000000,
0001100010101011,
1111101110000000,
0000000000001000,
0100111111001110,
1111101111000000,
1111011010000111,
0100010110111000,
1111101111000000,
0000000000000011,
0000001111110111,
0010110001111000,
1111101111000000,
0000000000000000,
0000001111001111,
0010110011111000,
1111101010000000,
0000000000000001,
0000001010000010,
0100010100010000,
0100011000100011,
1111101111000000,
0000000000000001,
0000001111001111,
0010110011111000,
0001001010010000,
0100010100010000,
0100011000100011,
1111101111000000,
0000000000000010,
0000001111001111,
0010110011111000,
0001001010010000,
0100010100010000,
0100011000100011,
1111101111000000,
0000000000000011,
0000001111001111,
0010110011111000,
0001001010010000,
0100010100010000,
0100011000100011,
1111101111000000,
1000000000000000,
1111101110000000,
0000000100010111,
0000001111111110,
0010110000111000,
1111101111000000,
1111011010000111,
0100010111111000,
1111101110000000,
1111011010001000,
0100011000111110,
1111101110000000,
1111011010000111,
0100010111110000,
0100011000000111,
0001010111111000,
0100011000111110,
1111101110000000,
1111011010000111,
0100010111110000,
0100011000001111,
0001010111111000,
0100011000111110,
1111101111000000,
0001010100001111,
0100001110000111,
1111101111000000,
1111111111101100,
1111101110000000,
0000000000001001,
0000001111111110,
0010110001111000,
1111101010000000,
0000000000001001,
0100011000010001,
0001001001001000,
0100011000000001,
1111101111000000,
1111111111101100,
1111101110000000,
0000001000000000,
0100010101111000,
0001100101101110,
0100011000101111,
0100101000000000,
0001100000111110,
1111101111000000,
0001100100001010,
1111101110000000,
0000000000001010,
0100111111001110,
1111101111000000,
1111011010000111,
0100010110111000,
1111101111000000,
0000000000000011,
0000001111110111,
0010110001111000,
1111101111000000,
0000000000000000,
0000001111001111,
0010110011111000,
1111101010000000,
0000000000000001,
0000001010000010,
0100010100010000,
0100011000100011,
1111101111000000,
0000000000000001,
0000001111001111,
0010110011111000,
0001001010010000,
0100010100010000,
0100011000100011,
1111101111000000,
0000000000000010,
0000001111001111,
0010110011111000,
0001001010010000,
0100010100010000,
0100011000100011,
1111101111000000,
0000000000000011,
0000001111001111,
0010110011111000,
0001001010010000,
0100010100010000,
0100011000100011,
1111101111000000,
1000000000000000,
1111101110000000,
0000000100010111,
0000001111111110,
0010110000111000,
1111101101000000,
0000000000000000,
1111101111000000,
1111011010000111,
0100010111111000,
1111101110000000,
1111011010001000,
0100011000111110,
1111101110000000,
1111011010000111,
0100010111110000,
0100011000101111,
0001010111111000,
0100011000111110,
1111101110000000,
1111011010000111,
0100010111110000,
0100011000000111,
0001010111111000,
0100011000111110,
1111101110000000,
1111011010000111,
0100010111110000,
0100011000001111,
0001010111111000,
0100011000111110,
1111101111000000,
0001011000110100,
0100001110000111,
1111101111000000,
1111111111101100,
1111101110000000,
0000000000001001,
0000001111111110,
0010110001111000,
1111101010000000,
0000000000001011,
0100011000010001,
1111101111000000,
1111111111101100,
1111101110000000,
0000001000000000,
0100010101111000,
0001100101101110,
0100011000101111,
0100101000000000,
0001100000111110,
1111101111000000,
0001100100110111,
1111101110000000,
0000000000000010,
0100111111001110,
1111101000000000,
1111111111111111,
1111101111000000,
1000000000000000,
1111101110000000,
0000000100010111,
0000001111110111,
1111101110000000,
0000000011111111,
0000001111110111,
0100011000000111,
1111101111000000,
1111111111101100,
1111101110000000,
0000000000001001,
0000001111111110,
0010110000111000,
1111101001000000,
0000000000000011,
0100011000001000,
0001001000000000,
1111101111000000,
1000000000000000,
1111101110000000,
0000000000010111,
0000001111110111,
1111101110000000,
0000000011111111,
0000001111110111,
0100010001111000,
0100011000001000,
1111101111000000,
1111111111101100,
1111101110000000,
0000001000000000,
0100010101111000,
0001100101101110,
0100011000101111,
0100101000000000,
0001100000111110,
1111101111000000,
0001100101010010,
1111101110000000,
0000000000000011,
0100111111001110,
0001001000000000,
0100010001000000,
1111101111000000,
1000000000000000,
1111101110000000,
0000000100010111,
0000001111110111,
1111101110000000,
0000000011111111,
0000001111110111,
0100011000001111,
1111101111000000,
1111011010000111,
0100010111111000,
1111101110000000,
1111011010001000,
0100011000111110,
1111101111000000,
0000111111000101,
0100001110000111,
0100101000000000,
0001100000111110,
1111101111000000,
0001100000111110,
1111101110000000,
0000000000000101,
0100111111001110,
1111101000000000,
0000000000000110,
1111101111000000,
1000000000000000,
1111101110000000,
0000000000010110,
0000001111111110,
0100011000000111,
1111101000000000,
1111111111111111,
1111101111000000,
1000000000000000,
1111101110000000,
0000001000011111,
0000001111111110,
0100011000000111,
1111101111000000,
1111011010000111,
0100010111111000,
1111101110000000,
1111011010001000,
0100011000111110,
1111101111000000,
0000111111000101,
0100001110000111,
0100101000000000,
0001100000111110,
0100101000000000,
0001100000111110,
0100101000000000,
0000000001110111,
1111101011000000,
0000000000000000,
1111101111000000,
0000000001011100,
0100001100000111,
1111101111000000,
1111111111101100,
0100010000111000,
1111101111000000,
0001101010001010,
0011010111000000,
1111101111000000,
1111111111101100,
1111101110000000,
0000000100000000,
0100010101111000,
0001100101101110,
0100011000101111,
1111101111000000,
1111111111101100,
1111101110000000,
0000000000000001,
0000001111111110,
0010110000111000,
0100010001000000,
1111101111000000,
0001100111010111,
1111101110000000,
0000000000001001,
0100111111001110,
0001001000000000,
0100010001000000,
1111101111000000,
0001100110101011,
0011011111001000,
1111101000000000,
0000000000000101,
1111101111000000,
1000000000000000,
1111101110000000,
0000000000001001,
0000001111111110,
0100011000000111,
1111101000000000,
0000000001100100,
1111101111000000,
1000000000000000,
1111101110000000,
0000000000001010,
0000001111111110,
0100011000000111,
0100101000000000,
0001100111001100,
1111101111000000,
1000000000000000,
1111101110000000,
0000001000011011,
0000001111111110,
0010110000111000,
1111101111000000,
1000000000000000,
1111101110000000,
0000000000010111,
0000001111111110,
0010110001111000,
1111101111000000,
1111011010000111,
0100010111111000,
1111101110000000,
1111011010001000,
0100011000111110,
1111101110000000,
1111011010000111,
0100010111110000,
0100011000001111,
0001010111111000,
0100011000111110,
1111101110000000,
1111011010000111,
0100010111110000,
0100011000000111,
0001010111111000,
0100011000111110,
1111101111000000,
0001010100001111,
0100001110000111,
1111101111000000,
1111011010000111,
0100010111111000,
1111101110000000,
1111011010001000,
0100011000111110,
1111101111000000,
0000111111000101,
0100001110000111,
0100101000000000,
0001100101111011,
1111101111000000,
0001101000010000,
1111101110000000,
0000000000001011,
0100111111001110,
1111101111000000,
1000000000000000,
1111101110000000,
0000001000011011,
0000001111111110,
0010110000111000,
1111101111000000,
1000000000000000,
1111101110000000,
0000000000010111,
0000001111111110,
0010110001111000,
1111101101000000,
1111111111111111,
1111101111000000,
1111011010000111,
0100010111111000,
1111101110000000,
1111011010001000,
0100011000111110,
1111101110000000,
1111011010000111,
0100010111110000,
0100011000101111,
0001010111111000,
0100011000111110,
1111101110000000,
1111011010000111,
0100010111110000,
0100011000001111,
0001010111111000,
0100011000111110,
1111101110000000,
1111011010000111,
0100010111110000,
0100011000000111,
0001010111111000,
0100011000111110,
1111101111000000,
0001011000110100,
0100001110000111,
1111101111000000,
1111011010000111,
0100010111111000,
1111101110000000,
1111011010001000,
0100011000111110,
1111101111000000,
0000111111000101,
0100001110000111,
0100101000000000,
0001100101111011,
1111101111000000,
0001101000111101,
1111101110000000,
0000000000000010,
0100111111001110,
1111101000000000,
1111111111111111,
1111101111000000,
1000000000000000,
1111101110000000,
0000000100010111,
0000001111110111,
1111101110000000,
0000000011111111,
0000001111110111,
0100011000000111,
1111101111000000,
1111111111101100,
1111101110000000,
0000000000001001,
0000001111111110,
0010110000111000,
1111101001000000,
0000000000000011,
0100011000001000,
0001001000000000,
1111101111000000,
1000000000000000,
1111101110000000,
0000000000010111,
0000001111110111,
1111101110000000,
0000000011111111,
0000001111110111,
0100010001111000,
0100011000001000,
1111101111000000,
1111111111101100,
1111101110000000,
0000001000000000,
0100010101111000,
0001100101101110,
0100011000101111,
0100101000000000,
0001100101111011,
1111101111000000,
0001101001011000,
1111101110000000,
0000000000000011,
0100111111001110,
0001001000000000,
0100010001000000,
1111101111000000,
1000000000000000,
1111101110000000,
0000000100010111,
0000001111110111,
1111101110000000,
0000000011111111,
0000001111110111,
0100011000001111,
1111101111000000,
1111011010000111,
0100010111111000,
1111101110000000,
1111011010001000,
0100011000111110,
1111101111000000,
0000111111000101,
0100001110000111,
0100101000000000,
0001100101111011,
1111101111000000,
0001101010001000,
1111101110000000,
0000000000000100,
0100111111001110,
1111101000000000,
0000000000000110,
1111101111000000,
1000000000000000,
1111101110000000,
0000000000010110,
0000001111111110,
0100011000000111,
1111101000000000,
0000000000000000,
1111101111000000,
1000000000000000,
1111101110000000,
0000001000011111,
0000001111111110,
0100011000000111,
1111101111000000,
1111111111101100,
1111101110000000,
0000000000001001,
0000001111111110,
0010110000111000,
1111101001000000,
0000000000000101,
0100011000001000,
1111101111000000,
1111111111101100,
1111101110000000,
0000001000000000,
0100010101111000,
0001100101101110,
0100011000101111,
1111101111000000,
1111011010000111,
0100010111111000,
1111101110000000,
1111011010001000,
0100011000111110,
1111101111000000,
0000111111000101,
0100001110000111,
0100101000000000,
0001100101111011,
0100101000000000,
0001100101111011,
0100101000000000,
0000000001110111,
1111101011000000,
0000000000000000,
1111101111000000,
0000000001011100,
0100001100000111,
1111101111000000,
1000000000000000,
1111101110000000,
0000000000010111,
0000001111111110,
0010110000111000,
1111101111000000,
0000000011111111,
0000001111000111,
0010110000111000,
0100010000000000,
1111101111000000,
0001101101111011,
0011011111000000,
1111101111000000,
0000000000000111,
1111101110000000,
1000000000000000,
0000001111110111,
0100010010111000,
1111101000000000,
0000000000000000,
0010100001000010,
0010011010000010,
0001101010010000,
0001011000010001,
1111101111000000,
0001101100100111,
0011010111000000,
1111101111000000,
1000000000000000,
1111101110000000,
0000000000010111,
0000001111110111,
1111101110000000,
0000000011001100,
0000001111110111,
0100010000111000,
1111101001000000,
0000000000001010,
1111101111000000,
0001101011011110,
0100111111000001,
1111101111000000,
1000000000000000,
1111101110000000,
0000000000010111,
0000001111110111,
1111101110000000,
0000000011111111,
0000001111110111,
0100010000111000,
1111101111000000,
0001101011100000,
0011011111000000,
1111101000000000,
1111111111111111,
1111101111000000,
1000000000000000,
1111101110000000,
0000000000010111,
0000001111110111,
1111101110000000,
0000000011111111,
0000001111110111,
0100011000000111,
1111101111000000,
1111111111101100,
1111101110000000,
0000000000001001,
0000001111111110,
0010110000111000,
1111101001000000,
0000000000000010,
0100011000001000,
0100101000000000,
0001101100010101,
0100101000000000,
0001101011100000,
1111101111000000,
1111111111101100,
1111101110000000,
0000000000001001,
0000001111111110,
0010110000111000,
1111101001000000,
0000000000001000,
0100011000001000,
0001001000000000,
1111101111000000,
1000000000000000,
1111101110000000,
0000001000011011,
0000001111110111,
1111101110000000,
0000000000000000,
0000001111110111,
0100010001111000,
0100011000001000,
0001001000000000,
1111101111000000,
1000000000000000,
1111101110000000,
0000001000011011,
0000001111110111,
1111101110000000,
0000000000000001,
0000001111110111,
0100010001111000,
0100011000001000,
0001001000000000,
1111101111000000,
1000000000000000,
1111101110000000,
0000001000011011,
0000001111110111,
1111101110000000,
0000000000000010,
0000001111110111,
0100010001111000,
0100011000001000,
0001001000000000,
1111101111000000,
1000000000000000,
1111101110000000,
0000001000011011,
0000001111110111,
1111101110000000,
0000000000000011,
0000001111110111,
0100010001111000,
0100011000001000,
1111101111000000,
1111111111101100,
1111101110000000,
0000001000000000,
0100010101111000,
0001100101101110,
0100011000101111,
1111101111000000,
1111011010000111,
0100010111111000,
1111101110000000,
1111011010001000,
0100011000111110,
1111101111000000,
0000111110100110,
0100001110000111,
0100101000000000,
0001101101111011,
1111101111000000,
0000000000001000,
1111101110000000,
1000000000000000,
0000001111110111,
0100010010111000,
1111101000000000,
0000000000000000,
0010100001000010,
0010011010000010,
0001101010010000,
0001011000010001,
1111101111000000,
0001101101111011,
0011010111000000,
1111101111000000,
1111111111101100,
1111101110000000,
0000000000001001,
0000001111111110,
0010110000111000,
1111101001000000,
0000000000001010,
0100011000001000,
0001001000000000,
1111101111000000,
1000000000000000,
1111101110000000,
0000001000011011,
0000001111110111,
1111101110000000,
0000000000000000,
0000001111110111,
0100010001111000,
0100011000001000,
0001001000000000,
1111101111000000,
1000000000000000,
1111101110000000,
0000001000011011,
0000001111110111,
1111101110000000,
0000000000000001,
0000001111110111,
0100010001111000,
0100011000001000,
0001001000000000,
1111101111000000,
1000000000000000,
1111101110000000,
0000001000011011,
0000001111110111,
1111101110000000,
0000000000000010,
0000001111110111,
0100010001111000,
0100011000001000,
0001001000000000,
1111101111000000,
1000000000000000,
1111101110000000,
0000001000011011,
0000001111110111,
1111101110000000,
0000000000000011,
0000001111110111,
0100010001111000,
0100011000001000,
1111101111000000,
1111111111101100,
1111101110000000,
0000001000000000,
0100010101111000,
0001100101101110,
0100011000101111,
1111101111000000,
1111011010000111,
0100010111111000,
1111101110000000,
1111011010001000,
0100011000111110,
1111101111000000,
0000111110100110,
0100001110000111,
0100101000000000,
0000000001110111,
1111101011000000,
0000000000000000,
1111101111000000,
0000000001011100,
0100001100000111,
1111101111000000,
1111011010000111,
0100010110111000,
1111101111000000,
1000000000000000,
1111101110000000,
0000000000010101,
0000001111111110,
0100010000111000,
1111101111000000,
0001101110100010,
0011010111000000,
1111101111000000,
1111011010000111,
0100010111111000,
1111101110000000,
1111011010001000,
0100011000111110,
1111101111000000,
0001011101000101,
0100001110000111,
1111101111000000,
1111011010000111,
0100010111111000,
1111101110000000,
1111011010001000,
0100011000111110,
1111101111000000,
0001100000110110,
0100001110000111,
0100101000000000,
0001101110110100,
1111101111000000,
1111011010000111,
0100010111111000,
1111101110000000,
1111011010001000,
0100011000111110,
1111101111000000,
0001100101110110,
0100001110000111,
1111101111000000,
1111011010000111,
0100010111111000,
1111101110000000,
1111011010001000,
0100011000111110,
1111101111000000,
0001101010001100,
0100001110000111,
0100101000000000,
0000000001110111,
1111101011000000,
0000000000000000,
1111101111000000,
0000000001011100,
0100001100000111,
1111101111000000,
1000000000000000,
1111101110000000,
0000000000001001,
0000001111111110,
0100010000111000,
1111101111000000,
0001101111001000,
0011010111000000,
1111101000000000,
0000000000000001,
0100101000000000,
0001101111001010,
1111101000000000,
0000000000000000,
1111101111000000,
1111011010000111,
0100010111111000,
1111101110000000,
1111011010001000,
0100011000111110,
1111101110000000,
1111011010000111,
0100010111110000,
0100011000000111,
0001010111111000,
0100011000111110,
1111101111000000,
0000000011010111,
0100001110000111,
1111101111000000,
1111011010000111,
0100010111111000,
1111101110000000,
1111011010001000,
0100011000111110,
1111101111000000,
0000100110110011,
0100001110000111,
1111101111000000,
1111011010000111,
0100010111111000,
1111101110000000,
1111011010001000,
0100011000111110,
1111101111000000,
0000111011100101,
0100001110000111,
1111101111000000,
0001101111110000,
0011010111000000,
0100101000000000,
0000000001110111,
1111101111000000,
1000000000000000,
1111101110000000,
0000000000001101,
0000001111111110,
0100010000111000,
1111101111000000,
0001110000000100,
0011010111000000,
1111101111000000,
1111011010000111,
0100010111111000,
1111101110000000,
1111011010001000,
0100011000111110,
1111101111000000,
0000000111110100,
0100001110000111,
0100101000000000,
0001110000010110,
1111101111000000,
1111011010000111,
0100010111111000,
1111101110000000,
1111011010001000,
0100011000111110,
1111101111000000,
0001001101000000,
0100001110000111,
1111101111000000,
1111011010000111,
0100010111111000,
1111101110000000,
1111011010001000,
0100011000111110,
1111101111000000,
0000111100111011,
0100001110000111,
1111101111000000,
1111011010000111,
0100010111111000,
1111101110000000,
1111011010001000,
0100011000111110,
1111101111000000,
0001101101111101,
0100001110000111,
0100101000000000,
0000000001110111,
1111101011000000,
0000000000000001,
1111101111000000,
0000000001011100,
0100001100000111,
1111101111000000,
1111011010000111,
0100010110111000,
1111101111000000,
0000000000000100,
0000001111110111,
0100010000111000,
1111101111000000,
0000000000000100,
0000001111000111,
0010110001111000,
0100010001001000,
1111101111000000,
0001110001000001,
0011010111001000,
1111101111000000,
0000000000000101,
0000001111110111,
0100010001111000,
1111101111000000,
0000000000000000,
0000001111000111,
0010110010111000,
0100010010010000,
0000010001001010,
0100101000000000,
0001110001001101,
1111101111000000,
0000000000000110,
0000001111110111,
0100010001111000,
1111101111000000,
0000000000000001,
0000001111000111,
0010110010111000,
0100010010010000,
0000010001001010,
0100101000000000,
0001110001001101,
1111101111000000,
0000000000000010,
0000001111000111,
0010110010111000,
0100010010010000,
1111101111000000,
0001110001110000,
0011001111001000,
0101010111001010,
1111101111000000,
0000000000000011,
0000001111000111,
0010110010111000,
0100010011010000,
1111101100000000,
0000000000000001,
0001111100100001,
0001100011011100,
0100011000011010,
1111101111000000,
0000000000000010,
0000001111000111,
0010110001111000,
0100010001001000,
1111101010000000,
0000000000000001,
0001111010010001,
0001010010010000,
1111101111000000,
0001110001110000,
0100111111011010,
1111101000000000,
1111111111111111,
0100101000000000,
0000000001110111,
1111101000000000,
0000000000000000,
0100101000000000,
0000000001110111,
1111101011000000,
0000000000000110,
1111101111000000,
0000000001011100,
0100001100000111,
1111101111000000,
1111011010000111,
0100010110111000,
1111101111000000,
0000000000001010,
0000001111110111,
0100010000111000,
1111101111000000,
0000000000000000,
0000001111000111,
0010110001111000,
0100010001001000,
0001010011001000,
1111101111000000,
0000000000000011,
0000001111110111,
0100011000011111,
1111101111000000,
0000000000000001,
0000001111000111,
0010110010111000,
0100010010010000,
0001010011010000,
1111101111000000,
0000000000000100,
0000001111110111,
0100011000011111,
1111101111000000,
0000000000000010,
0000001111000111,
0010110011111000,
0100010011011000,
1111101111000000,
0000000000000100,
0000001111000111,
0010110100111000,
0100010100100000,
1111101111000000,
0001110010100101,
0011010111100000,
0000001001001011,
0001001010010000,
0100101000000000,
0001110010100111,
0001001001001000,
0000001010010011,
1111101111000000,
0000000000000101,
0000001111110111,
0100011000001111,
1111101111000000,
0000000000000110,
0000001111110111,
0100011000010111,
1111101111000000,
0000000000000100,
0000001111110111,
0100010000111000,
1111101111000000,
0000000000001000,
0000001111110111,
0100011000000111,
1111101111000000,
0000000000001000,
0000001111110111,
0100010000111000,
1111101111000000,
0000000000000110,
0000001111110111,
0100010001111000,
1111101111000000,
0001110100010000,
0101000111000001,
1111101111000000,
0000000000000011,
0000001111110111,
0100010000111000,
1111101111000000,
0000000000000111,
0000001111110111,
0100011000000111,
1111101111000000,
0000000000000111,
0000001111110111,
0100010000111000,
1111101111000000,
0000000000000101,
0000001111110111,
0100010001111000,
1111101111000000,
0001110100000101,
0101000111000001,
1111101111000000,
0000000000001000,
0000001111110111,
0100010001111000,
1111101010000000,
0000000000001010,
1111101111000000,
0001110011111010,
0011001111000000,
0011001111001000,
0101010111000010,
0101010111001010,
1111101111000000,
0000000000001001,
0000001111110111,
0100010011111000,
1111101111000000,
0000000000000100,
0000001111011111,
0010110011111000,
1111101111000000,
0000000000010100,
0000101111111001,
0000001111011111,
0010110011111000,
1111101111000000,
0000000000000010,
0000101111111000,
0000001111011111,
0010110011111000,
1111101111000000,
0000000000000000,
0000001111011111,
0010110011111000,
1111101100000000,
0000000000000010,
0100011000100011,
1111101111000000,
0000000000000111,
0000001111110111,
0100010000111000,
0001001000000000,
1111101111000000,
0000000000000111,
0000001111110111,
0100011000000111,
0100101000000000,
0001110011001010,
1111101111000000,
0000000000001000,
0000001111110111,
0100010000111000,
0001001000000000,
1111101111000000,
0000000000001000,
0000001111110111,
0100011000000111,
0100101000000000,
0001110010110111,
1111101111000000,
0000000000001001,
0000001111110111,
0100010000111000,
1111101111000000,
0000000000000100,
0000001111000111,
0010110000111000,
1111101111000000,
0000000000000000,
0000001111000111,
0010110000111000,
1111101111000000,
0000000000001010,
0000001111110111,
0100010101111000,
1111101111000000,
0000000000000000,
0000001111101111,
0010110010111000,
0100010010010000,
1111101111000000,
0000000000000001,
0000001111101111,
0010110011111000,
0100010011011000,
1111101111000000,
0000000000010100,
0000101111111011,
0000001111000111,
0010110000111000,
1111101111000000,
0000000000000010,
0000101111111010,
0000001111000111,
0010110000111000,
1111101111000000,
0000000000000100,
0000001111101111,
0010110010111000,
0100010010010000,
1111101111000000,
0001110101000000,
0011010111010000,
1111101001000000,
0000000000000010,
0100101000000000,
0001110101000010,
1111101001000000,
0000000000010100,
1111101111000000,
0000000000000010,
0000001111101111,
0010110010111000,
0100010010010000,
1111101011000000,
0000000000000100,
1111101111000000,
0001110101010001,
0011010111010000,
0100011000011000,
0001010010010000,
0000001000000001,
0100101000000000,
0001110101001011,
0100101000000000,
0000000001110111,
1111101011000000,
0000000000000010,
1111101111000000,
0000000001011100,
0100001100000111,
1111101111000000,
1111011010000111,
0100010110111000,
1111101111000000,
0000000000000110,
0000001111110111,
0100010000111000,
1111101111000000,
0000000000000100,
0000001111000111,
0010110000111000,
1111101111000000,
0000000000001000,
0000001111110111,
0100010001111000,
1111101111000000,
0000000000010100,
0000101111111001,
0000001111000111,
0010110000111000,
1111101111000000,
0000000000000111,
0000001111110111,
0100010001111000,
1111101111000000,
0000000000000010,
0000101111111001,
0000001111000111,
0010110000111000,
1111101111000000,
0000000000000011,
0000001111110111,
0100011000000111,
1111101111000000,
0000000000000101,
0000001111110111,
0100010001111000,
0100010010000000,
0100011000010001,
0001001001001000,
0001001000000000,
0100010010000000,
0100011000010001,
1111101111000000,
0000000000000011,
0000001111110111,
0100010000111000,
1111101111000000,
0000000000000000,
0000001111000111,
0010110001111000,
0100010010001000,
1111101111000000,
0001110110011111,
1111101101000000,
0000000000000000,
0100111111010101,
1111101101000000,
0000000000000010,
0100011000101001,
1111101111000000,
0000000000000101,
0000001111110111,
0100010010111000,
1111101111000000,
0000000000000000,
0000001111010111,
0010110010111000,
0100011000101010,
0100101000000000,
0001111001110101,
1111101111000000,
0001111001101010,
1111101101000000,
0000000000000001,
0100111111010101,
1111101111000000,
0000000000000110,
0000001111110111,
0100010010111000,
1111101111000000,
0000000011001101,
0000001111010111,
0010110010111000,
1111101111000000,
0000000000000011,
0000001111110111,
0100010000111000,
1111101111000000,
0000000000000001,
0000001111000111,
0010110011111000,
0100010011011000,
1111101100000000,
0000000000000101,
0000101011011100,
0000001010010011,
1111101111000000,
0000000000000100,
0000001111110111,
0100011000010111,
1111101111000000,
0000000000000111,
0000001111110111,
0100010011111000,
1111101111000000,
0000000000001000,
0000001111110111,
0100010100111000,
1111101111000000,
1111011010000111,
0100010111111000,
1111101110000000,
1111011010001000,
0100011000111110,
1111101110000000,
1111011010000111,
0100010111110000,
0100011000100111,
0001010111111000,
0100011000111110,
1111101110000000,
1111011010000111,
0100010111110000,
0100011000011111,
0001010111111000,
0100011000111110,
1111101110000000,
1111011010000111,
0100010111110000,
0100011000010111,
0001010111111000,
0100011000111110,
1111101111000000,
0001110000100001,
0100001110000111,
1111101111000000,
1111011010000111,
0100010110111000,
1111101111000000,
0001111001001100,
0011010111000000,
1111101111000000,
0000000000000110,
0000001111110111,
0100010000111000,
1111101111000000,
0000000000000100,
0000001111110111,
0100010001111000,
1111101111000000,
1111011010000111,
0100010111111000,
1111101110000000,
1111011010001000,
0100011000111110,
1111101110000000,
1111011010000111,
0100010111110000,
0100011000001111,
0001010111111000,
0100011000111110,
1111101110000000,
1111011010000111,
0100010111110000,
0100011000000111,
0001010111111000,
0100011000111110,
1111101111000000,
0001110001110100,
0100001110000111,
1111101111000000,
1111011010000111,
0100010110111000,
1111101111000000,
0000000000000101,
0000001111110111,
0100010000111000,
1111101111000000,
0000000000000000,
0000001111000111,
0010110000111000,
1111101101000000,
0000000000000100,
0100011000101000,
1111101101000000,
0000000000001010,
1111101111000000,
1000000000000000,
1111101110000000,
0000000000001001,
0000001111111110,
0100011000101111,
1111101111000000,
1111011010000111,
0100010110111000,
1111101111000000,
0000000000000110,
0000001111110111,
0100010000111000,
1111101111000000,
0000000011001100,
0000001111000111,
0010110001111000,
0100010010001000,
0001010010010000,
0100011000010001,
1111101111000000,
0001111000110010,
0011011111010000,
1111101101000000,
1111111111111111,
1111101111000000,
1000000000000000,
1111101110000000,
0000001000100001,
0000001111111110,
0100011000101111,
1111101111000000,
0000000000000000,
0000001111000111,
0010110000111000,
1111101111000000,
0000000000000100,
0000001111110111,
0100010001111000,
1111101111000000,
0000000000000010,
0000001111001111,
0010110001111000,
0100010001001000,
1111101111000000,
0000000000000100,
0000010001111001,
1111101111000000,
0000000000000001,
0000101111111001,
0000001111000111,
0010110000111000,
0100010001000000,
0001010001001000,
0100011000001000,
0100101000000000,
0001111001110101,
1111101111000000,
0000000000000011,
0000001111110111,
0100010000111000,
1111101111000000,
0000000000000000,
0000001111000111,
0010110000111000,
1111101101000000,
0000000000000011,
0100011000101000,
1111101111000000,
0000000000000101,
0000001111110111,
0100010000111000,
1111101111000000,
0000000000000000,
0000001111000111,
0010110000111000,
0100011000101000,
1111101101000000,
0000000000000101,
1111101111000000,
1000000000000000,
1111101110000000,
0000000000001001,
0000001111111110,
0100011000101111,
0100101000000000,
0001111001110101,
1111101101000000,
0000000000000101,
1111101111000000,
0000000000000101,
0000001111110111,
0100010000111000,
1111101111000000,
0000000000000000,
0000001111000111,
0010110000111000,
0100011000101000,
0100101000000000,
0000000001110111,
0100101000000000,
0000000001110111,
1111101011000000,
0000000000000011,
1111101111000000,
0000000001011100,
0100001100000111,
1111101111000000,
1111011010000111,
0100010110111000,
1111101111000000,
0000000000000011,
0000001000110111,
1111101111000000,
1000000000000000,
1111101110000000,
0000000100010111,
0000001111111110,
0010110001111000,
1111101111000000,
1000000000000000,
1111101110000000,
0000001000010111,
0000001111111110,
0100010010111000,
1111101111000000,
1000000000000000,
1111101110000000,
0000001000011000,
0000001111111110,
0100010011111000,
1111101111000000,
1111011010000111,
0100010111111000,
1111101110000000,
1111011010001000,
0100011000111110,
1111101110000000,
1111011010000111,
0100010111110000,
0100011000011111,
0001010111111000,
0100011000111110,
1111101110000000,
1111011010000111,
0100010111110000,
0100011000010111,
0001010111111000,
0100011000111110,
1111101110000000,
1111011010000111,
0100010111110000,
0100011000001111,
0001010111111000,
0100011000111110,
1111101110000000,
1111011010000111,
0100010111110000,
0100011000000111,
0001010111111000,
0100011000111110,
1111101111000000,
0001110101010011,
0100001110000111,
1111101111000000,
1111011010000111,
0100010110111000,
1111101111000000,
0000000000000011,
0000001111110111,
0010110000111000,
1111101111000000,
0000000000000000,
0000001111000111,
0010110000111000,
0100010001000000,
1111101010000000,
1111111111101100,
1111101011000000,
0000000000001001,
0000001010010011,
0001001010010000,
0100011000001010,
0001001010010000,
1111101111000000,
1000000000000000,
1111101110000000,
0000001000010111,
0000001111111110,
0100010000111000,
0100011000000010,
0001001010010000,
1111101111000000,
1000000000000000,
1111101110000000,
0000001000011000,
0000001111111110,
0100010000111000,
0100011000000010,
1111101111000000,
1111011010000111,
0100010110111000,
1111101111000000,
0000000000000011,
0000001111110111,
0010110000111000,
1111101111000000,
0000000000000000,
0000001111000111,
0010110000111000,
0100010001000000,
1111101101000000,
0000000000000100,
1111101111000000,
0001111100110000,
0100111111001101,
1111101111000000,
1000000000000000,
1111101110000000,
0000000100010111,
0000001111111110,
0010110000111000,
1111101111000000,
0000000011001101,
0000001111000111,
0010110000111000,
1111101111000000,
1111011010000111,
0100010110111000,
1111101111000000,
0000000000000011,
0000001111110111,
0010110001111000,
1111101111000000,
0000000000000001,
0000001111001111,
0010110001111000,
0100010001001000,
1111101111000000,
0000000000000101,
0000101111111001,
0000001111000111,
0010110000111000,
1111101111000000,
0000000000000101,
0000001111110111,
0100011000000111,
1111101010000000,
1111111111101100,
1111101011000000,
0000000000001001,
0000001010010011,
0001001010010000,
1111101011000000,
0000000000000011,
0000001010010011,
1111101111000000,
0000000000000000,
0000001111000111,
0010110011111000,
0100010011011000,
0100011000011010,
0001001010010000,
1111101111000000,
0000000000000001,
0000001111000111,
0010110011111000,
0100010011011000,
0100011000011010,
0001001010010000,
1111101111000000,
0000000000000010,
0000001111000111,
0010110011111000,
0100010011011000,
0100011000011010,
0001001010010000,
1111101111000000,
0000000000000100,
0000001111000111,
0010110011111000,
0100010011011000,
0100011000011010,
0100101000000000,
0001111101000001,
1111101101000000,
0000000000000010,
1111101000000000,
0000000000000000,
1111101111000000,
0001111100111001,
0100110111001101,
0100101000000000,
0001111100111011,
1111101000000000,
1111111111111111,
1111101111000000,
1000000000000000,
1111101110000000,
0000001000100000,
0000001111111110,
0100011000000111,
0100101000000000,
0000000001110111,
1111101011000000,
0000000000000000,
1111101111000000,
0000000001011100,
0100001100000111,
1111101111000000,
1111011010000111,
0100010110111000,
1111101111000000,
0000000000000111,
1111101110000000,
1000000000000000,
0000001111110111,
0100010010111000,
1111101000000000,
0000000000000000,
0010100001000010,
0010011010000010,
0001101010010000,
0001011000010001,
1111101111000000,
0001111110010110,
0011010111000000,
1111101000000000,
1111111111101100,
1111101001000000,
0000000000001001,
0000001000000001,
1111101001000000,
0000000000010001,
0100011000001000,
0001001000000000,
1111101001000000,
1000000000000000,
1111101010000000,
0000001000010111,
0000001001001010,
0100010001001000,
0100011000001000,
0001001000000000,
1111101001000000,
1000000000000000,
1111101010000000,
0000001000011000,
0000001001001010,
0100010001001000,
0100011000001000,
1111101000000000,
1000000000000000,
1111101001000000,
0000000000010101,
0000001000000001,
0100010000000000,
1111101111000000,
0001111110000100,
0011010111000000,
1111101111000000,
1111011010000111,
0100010111111000,
1111101110000000,
1111011010001000,
0100011000111110,
1111101111000000,
0001111001111001,
0100001110000111,
1111101111000000,
1111011010000111,
0100010111111000,
1111101110000000,
1111011010001000,
0100011000111110,
1111101111000000,
0000111110100110,
0100001110000111,
1111101111000000,
1111111111101100,
1111101110000000,
0000001000000000,
0100010101111000,
0001100101101110,
0100011000101111,
0100101000000000,
0001111110111110,
1111101000000000,
1000000000000000,
1111101001000000,
0000000000010000,
0000001000000001,
0100010000000000,
1111101111000000,
0001111110111110,
0011011111000000,
1111101000000000,
1111111111101100,
1111101001000000,
0000000000001001,
0000001000000001,
1111101001000000,
0000000000010000,
0100011000001000,
0001001000000000,
1111101001000000,
1000000000000000,
1111101010000000,
0000001000010111,
0000001001001010,
0100010001001000,
0100011000001000,
0001001000000000,
1111101001000000,
1000000000000000,
1111101010000000,
0000001000011000,
0000001001001010,
0100010001001000,
0100011000001000,
1111101111000000,
1111111111101100,
1111101110000000,
0000001000000000,
0100010101111000,
0001100101101110,
0100011000101111,
0100101000000000,
0000000001110111,
1111101011000000,
0000000000000000,
1111101111000000,
0000000001011100,
0100001100000111,
1111101111000000,
1111011010000111,
0100010111111000,
1111101110000000,
1111011010001000,
0100011000111110,
1111101111000000,
0000111100111011,
0100001110000111,
1111101111000000,
1111011010000111,
0100010111111000,
1111101110000000,
1111011010001000,
0100011000111110,
1111101111000000,
0001111101000011,
0100001110000111,
0100101000000000,
0000000001110111,
1111101011000000,
0000000000000011,
1111101111000000,
0000000001011100,
0100001100000111,
1111101111000000,
1111111111101100,
1111101110000000,
0000000000000001,
0000001111111110,
0010110000111000,
1111101111000000,
0000000000000001,
0000001111000111,
0010110000111000,
0100010001000000,
1111101111000000,
1000000000000000,
1111101110000000,
0000001000011001,
0000001111111110,
0100011000001111,
0001001000000000,
0100010001000000,
1111101111000000,
1000000000000000,
1111101110000000,
0000001000011010,
0000001111111110,
0100011000001111,
1111101111000000,
1111011010000111,
0100010110111000,
1111101000000000,
0000000000000011,
0000001000000110,
1111101111000000,
1000000000000000,
1111101110000000,
0000000000010111,
0000001111111110,
0010110001111000,
1111101111000000,
1000000000000000,
1111101110000000,
0000001000011001,
0000001111111110,
0100010010111000,
1111101111000000,
1000000000000000,
1111101110000000,
0000001000011010,
0000001111111110,
0100010011111000,
1111101111000000,
1111011010000111,
0100010111111000,
1111101110000000,
1111011010001000,
0100011000111110,
1111101110000000,
1111011010000111,
0100010111110000,
0100011000011111,
0001010111111000,
0100011000111110,
1111101110000000,
1111011010000111,
0100010111110000,
0100011000010111,
0001010111111000,
0100011000111110,
1111101110000000,
1111011010000111,
0100010111110000,
0100011000001111,
0001010111111000,
0100011000111110,
1111101110000000,
1111011010000111,
0100010111110000,
0100011000000111,
0001010111111000,
0100011000111110,
1111101111000000,
0001110101010011,
0100001110000111,
1111101111000000,
1111111111101100,
1111101110000000,
0000000000001001,
0000001111111110,
0010110000111000,
1111101111000000,
0000000000010010,
0100011000111000,
0001001000000000,
1111101111000000,
1111011010000111,
0100010110111000,
1111101111000000,
0000000000000011,
0000001111110111,
0010110001111000,
1111101111000000,
0000000000000000,
0000001111001111,
0010110010111000,
0100010010010000,
0100011000010000,
0001001000000000,
1111101111000000,
1000000000000000,
1111101110000000,
0000001000011001,
0000001111111110,
0100010001111000,
0100011000001000,
0001001000000000,
1111101111000000,
1000000000000000,
1111101110000000,
0000001000011010,
0000001111111110,
0100010001111000,
0100011000001000,
1111101111000000,
1111011010000111,
0100010110111000,
1111101111000000,
0000000000000011,
0000001111110111,
0010110001111000,
1111101111000000,
0000000000000000,
0000001111001111,
0010110010111000,
0100010010010000,
1111101101000000,
0000000000000100,
1111101111000000,
0010000010011010,
0100111111010101,
1111101111000000,
1000000000000000,
1111101110000000,
0000000000010111,
0000001111111110,
0010110010111000,
1111101111000000,
0000000011001101,
0000001111010111,
0010110010111000,
1111101111000000,
0000000000000001,
0000001111001111,
0010110001111000,
0100010001001000,
1111101111000000,
0000000000000101,
0000101111111001,
0000001111010111,
0010110001111000,
0001001000000000,
1111101111000000,
0000000000000000,
0000001111001111,
0010110010111000,
0100010010010000,
0100011000010000,
0001001000000000,
1111101111000000,
0000000000000001,
0000001111001111,
0010110010111000,
0100010010010000,
0100011000010000,
0001001000000000,
1111101111000000,
0000000000000010,
0000001111001111,
0010110010111000,
0100010010010000,
0100011000010000,
0001001000000000,
1111101111000000,
0000000000000100,
0000001111001111,
0010110010111000,
0100010010010000,
0100011000010000,
0100101000000000,
0010000010101011,
1111101000000000,
0000000000000000,
1111101111000000,
0010000010100011,
1111101101000000,
0000000000000010,
0100110111010101,
0100101000000000,
0010000010100101,
1111101000000000,
1111111111111111,
1111101111000000,
1000000000000000,
1111101110000000,
0000001000100000,
0000001111111110,
0100011000000111,
1111101111000000,
1111111111101100,
1111101110000000,
0000001000000000,
0100010101111000,
0001100101101110,
0100011000101111,
1111101111000000,
1111011010000111,
0100010111111000,
1111101110000000,
1111011010001000,
0100011000111110,
1111101111000000,
0000111111000101,
0100001110000111,
0100101000000000,
0000000001110111,
1111101011000000,
0000000000000001,
1111101111000000,
0000000001011100,
0100001100000111,
1111101111000000,
1111011010000111,
0100010110111000,
1111101111000000,
0000000000000100,
0000001111110111,
0100010000111000,
1111101111000000,
0000000000001000,
0000001111110111,
0100010001111000,
1111101111000000,
0000000000000111,
0000001111110111,
0100010010111000,
1111101111000000,
0000000000000100,
0000001111000111,
0010110000111000,
1111101111000000,
0000000000010100,
0000101111111001,
0000001111000111,
0010110000111000,
1111101111000000,
0000000000000010,
0000101111111010,
0000001111000111,
0010110000111000,
1111101111000000,
0000000000000011,
0000001111110111,
0100011000000111,
1111101111000000,
0000000000000000,
0000001111000111,
0010110000111000,
1111101111000000,
0000000000000101,
0000001111110111,
0100010001111000,
1111101111000000,
0010000011111011,
1111101101000000,
0000000000000011,
0100111111001101,
0100011000001000,
1111101001000000,
0000000000000101,
1111101111000000,
1000000000000000,
1111101110000000,
0000000000001001,
0000001111111110,
0100011000001111,
0100101000000000,
0010000100110010,
1111101111000000,
0010000100101010,
1111101101000000,
0000000000000100,
0100111111001101,
1111101111000000,
1111011010000111,
0100010110111000,
1111101111000000,
0000000000000100,
0000001111110111,
0100010000111000,
1111101111000000,
0000000000000110,
0000001111110111,
0100010001111000,
1111101111000000,
1111011010000111,
0100010111111000,
1111101110000000,
1111011010001000,
0100011000111110,
1111101110000000,
1111011010000111,
0100010111110000,
0100011000001111,
0001010111111000,
0100011000111110,
1111101110000000,
1111011010000111,
0100010111110000,
0100011000000111,
0001010111111000,
0100011000111110,
1111101111000000,
0001110001110100,
0100001110000111,
1111101001000000,
0000000000001010,
1111101111000000,
1000000000000000,
1111101110000000,
0000000000001001,
0000001111111110,
0100011000001111,
0100101000000000,
0010000100110010,
1111101111000000,
0010000100110010,
1111101101000000,
0000000000000010,
0100111111001101,
0100011000001000,
0100101000000000,
0010000100110010,
0100101000000000,
0000000001110111,
1111101011000000,
0000000000000000,
1111101111000000,
0000000001011100,
0100001100000111,
1111101010000000,
0000000000000000,
1111101111000000,
1111111111101100,
1111101110000000,
0000000000000001,
0000001111111110,
0010110011111000,
0001001011011000,
0100010001011000,
0001001011011000,
0100010100011000,
1111101111000000,
1000000000000000,
1111101110000000,
0000001000011001,
0000001111111110,
0100011000100111,
0001001011011000,
0100010100011000,
1111101111000000,
1000000000000000,
1111101110000000,
0000001000011010,
0000001111111110,
0100011000100111,
1111101111000000,
0010000101111101,
1111101110000000,
0000000000000100,
0100111111001110,
1111101110000000,
1000000000000000,
1111101111000000,
0000000100010111,
0000001010110111,
1111101111000000,
0000000011001101,
0000001111010111,
0010110010111000,
1111101111000000,
0000000000000000,
0000001111010111,
0010110101111000,
0001001011011000,
0100010100011000,
0100011000100101,
1111101111000000,
0000000000000001,
0000001111010111,
0010110101111000,
0001001011011000,
0100010100011000,
0100011000100101,
1111101111000000,
0000000000000010,
0000001111010111,
0010110101111000,
0001001011011000,
0100010100011000,
0100011000100101,
1111101111000000,
0000000000000100,
0000001111010111,
0010110101111000,
0001001011011000,
0100010100011000,
0100011000100101,
1111101111000000,
1000000000000000,
1111101110000000,
0000000000010111,
0000001111111110,
0010110000111000,
1111101111000000,
1000000000000000,
1111101110000000,
0000001000011001,
0000001111111110,
0100010011111000,
1111101111000000,
1000000000000000,
1111101110000000,
0000001000011010,
0000001111111110,
0100010100111000,
1111101111000000,
1111011010000111,
0100010111111000,
1111101110000000,
1111011010001000,
0100011000111110,
1111101110000000,
1111011010000111,
0100010111110000,
0100011000100111,
0001010111111000,
0100011000111110,
1111101110000000,
1111011010000111,
0100010111110000,
0100011000011111,
0001010111111000,
0100011000111110,
1111101110000000,
1111011010000111,
0100010111110000,
0100011000010111,
0001010111111000,
0100011000111110,
1111101110000000,
1111011010000111,
0100010111110000,
0100011000001111,
0001010111111000,
0100011000111110,
1111101110000000,
1111011010000111,
0100010111110000,
0100011000000111,
0001010111111000,
0100011000111110,
1111101111000000,
0010000010111101,
0100001110000111,
1111101000000000,
0000000000010010,
1111101111000000,
1111111111101100,
1111101110000000,
0000000000001001,
0000001111111110,
0100011000000111,
1111101111000000,
1111111111101100,
1111101110000000,
0000001000000000,
0100010101111000,
0001100101101110,
0100011000101111,
1111101111000000,
1111011010000111,
0100010111111000,
1111101110000000,
1111011010001000,
0100011000111110,
1111101111000000,
0000111111000101,
0100001110000111,
0100101000000000,
0000000001110111,
1111101011000000,
0000000000000000,
1111101111000000,
0000000001011100,
0100001100000111,
1111101111000000,
1000000000000000,
1111101110000000,
0000000000010101,
0000001111111110,
0100010000111000,
1111101111000000,
0010000111101001,
0011010111000000,
1111101111000000,
1111011010000111,
0100010111111000,
1111101110000000,
1111011010001000,
0100011000111110,
1111101111000000,
0001111111011001,
0100001110000111,
0100101000000000,
0010000111110010,
1111101111000000,
1111011010000111,
0100010111111000,
1111101110000000,
1111011010001000,
0100011000111110,
1111101111000000,
0010000100110100,
0100001110000111,
0100101000000000,
0000000001110111,
1111101011000000,
0000000000000010,
1111101111000000,
0000000001011100,
0100001100000111,
1111101111000000,
1111111111101100,
1111101110000000,
0000000000000001,
0000001111111110,
0010110000111000,
1111101111000000,
0000000000000001,
0000001111000111,
0010110000111000,
1111101111000000,
1111011010000111,
0100010110111000,
1111101001000000,
0000000000000000,
1111101111000000,
0000000000000011,
0000001111110111,
0100011000001111,
0100010001000000,
1111101111000000,
0000000000000100,
0000001111110111,
0100011000001111,
0001001000000000,
0100010001000000,
1111101111000000,
1000000000000000,
1111101110000000,
0000001000011001,
0000001111111110,
0100011000001111,
0001001000000000,
0100010001000000,
1111101111000000,
1000000000000000,
1111101110000000,
0000001000011010,
0000001111111110,
0100011000001111,
1111101111000000,
1111011010000111,
0100010110111000,
1111101111000000,
0000000000000100,
0000001111110111,
0100010001111000,
1111101101000000,
0000000000000100,
1111101111000000,
0010001001011010,
0100111111001101,
1111101111000000,
1000000000000000,
1111101110000000,
0000000100010111,
0000001111111110,
0010110001111000,
1111101111000000,
0000000011001101,
0000001111001111,
0010110001111000,
1111101111000000,
1111011010000111,
0100010110111000,
1111101111000000,
0000000000000011,
0000001111110111,
0100011000001111,
0001001000000000,
0100010011000000,
1111101111000000,
0000000000000000,
0000001111001111,
0010110010111000,
0100011000011010,
0001001000000000,
0100010011000000,
1111101111000000,
0000000000000001,
0000001111001111,
0010110010111000,
0100011000011010,
0001001000000000,
0100010011000000,
1111101111000000,
0000000000000010,
0000001111001111,
0010110010111000,
0100011000011010,
0001001000000000,
0100010011000000,
1111101111000000,
0000000000000100,
0000001111001111,
0010110010111000,
0100011000011010,
1111101111000000,
1000000000000000,
1111101110000000,
0000000100010111,
0000001111111110,
0010110000111000,
1111101111000000,
1111011010000111,
0100010110111000,
1111101111000000,
0000000000000100,
0000001111110111,
0100010001111000,
1111101111000000,
0000000000000011,
0000001111110111,
0100010010111000,
1111101111000000,
1000000000000000,
1111101110000000,
0000001000011001,
0000001111111110,
0100010011111000,
1111101111000000,
1000000000000000,
1111101110000000,
0000001000011010,
0000001111111110,
0100010100111000,
1111101111000000,
1111011010000111,
0100010111111000,
1111101110000000,
1111011010001000,
0100011000111110,
1111101110000000,
1111011010000111,
0100010111110000,
0100011000100111,
0001010111111000,
0100011000111110,
1111101110000000,
1111011010000111,
0100010111110000,
0100011000011111,
0001010111111000,
0100011000111110,
1111101110000000,
1111011010000111,
0100010111110000,
0100011000010111,
0001010111111000,
0100011000111110,
1111101110000000,
1111011010000111,
0100010111110000,
0100011000001111,
0001010111111000,
0100011000111110,
1111101110000000,
1111011010000111,
0100010111110000,
0100011000000111,
0001010111111000,
0100011000111110,
1111101111000000,
0010000010111101,
0100001110000111,
1111101111000000,
1111011010000111,
0100010111111000,
1111101110000000,
1111011010001000,
0100011000111110,
1111101111000000,
0000111111000101,
0100001110000111,
0100101000000000,
0000000001110111,
1111101011000000,
0000000000000000,
1111101111000000,
0000000001011100,
0100001100000111,
1111101111000000,
1000000000000000,
1111101110000000,
0000000000010101,
0000001111111110,
0100010000111000,
1111101111000000,
0010001011000010,
0011010111000000,
1111101111000000,
1111011010000111,
0100010111111000,
1111101110000000,
1111011010001000,
0100011000111110,
1111101111000000,
0000111111000101,
0100001110000111,
0100101000000000,
0000000001110111,
1111101111000000,
1111011010000111,
0100010111111000,
1111101110000000,
1111011010001000,
0100011000111110,
1111101111000000,
0010000111110100,
0100001110000111,
0100101000000000,
0000000001110111,
1111101011000000,
0000000000000000,
1111101111000000,
0000000001011100,
0100001100000111,
1111101111000000,
1000000000000000,
1111101110000000,
0000001000011111,
0000001111111110,
0100010000111000,
0001101000000000,
1111101111000000,
1000000000000000,
1111101110000000,
0000001000011111,
0000001111111110,
0100011000000111,
1111101111000000,
1111111111101100,
1111101110000000,
0000000000001001,
0000001111111110,
0010110000111000,
1111101001000000,
0000000000001101,
0100011000001000,
1111101111000000,
1111111111101100,
1111101110000000,
0000001000000000,
0100010101111000,
0001100101101110,
0100011000101111,
0100101000000000,
0000000001110111,
1111101011000000,
0000000000000000,
1111101111000000,
0000000001011100,
0100001100000111,
1111101111000000,
1000000000000000,
1111101110000000,
0000001000011111,
0000001111111110,
0100010000111000,
0001101000000000,
1111101111000000,
1000000000000000,
1111101110000000,
0000001000011111,
0000001111111110,
0100011000000111,
1111101111000000,
1111011010000111,
0100010111111000,
1111101110000000,
1111011010001000,
0100011000111110,
1111101111000000,
0000111111000101,
0100001110000111,
0100101000000000,
0000000001110111,
1111101011000000,
0000000000000000,
1111101111000000,
0000000001011100,
0100001100000111,
1111101000000000,
0000000000001001,
1111101111000000,
1000000000000000,
1111101110000000,
0000000000010110,
0000001111111110,
0100011000000111,
1111101000000000,
0000000011001000,
1111101111000000,
1000000000000000,
1111101110000000,
0000001000100010,
0000001111111110,
0100011000000111,
1111101000000000,
0000000000001010,
1111101111000000,
1000000000000000,
1111101110000000,
0000001000100011,
0000001111111110,
0100011000000111,
1111101000000000,
0000000000001010,
1111101111000000,
1000000000000000,
1111101110000000,
0000001000100100,
0000001111111110,
0100011000000111,
1111101000000000,
0000000000000111,
1111101111000000,
1111111111101100,
1111101110000000,
0000000000001001,
0000001111111110,
0100011000000111,
1111101111000000,
1111111111101100,
1111101110000000,
0000001000000000,
0100010101111000,
0001100101101110,
0100011000101111,
0100101000000000,
0000000001110111,
1111101011000000,
0000000000000000,
1111101111000000,
0000000001011100,
0100001100000111,
1111101000000000,
0000000000001001,
1111101111000000,
1000000000000000,
1111101110000000,
0000000000010110,
0000001111111110,
0100011000000111,
1111101000000000,
0000000011001000,
1111101111000000,
1000000000000000,
1111101110000000,
0000001000100010,
0000001111111110,
0100011000000111,
1111101000000000,
0000000000001010,
1111101111000000,
1000000000000000,
1111101110000000,
0000001000100011,
0000001111111110,
0100011000000111,
1111101000000000,
0000000000001010,
1111101111000000,
1000000000000000,
1111101110000000,
0000001000100100,
0000001111111110,
0100011000000111,
1111101111000000,
1111011010000111,
0100010111111000,
1111101110000000,
1111011010001000,
0100011000111110,
1111101111000000,
0000111111000101,
0100001110000111,
0100101000000000,
0000000001110111,
1111101011000000,
0000000000000000,
1111101111000000,
0000000001011100,
0100001100000111,
1111101111000000,
1111011010000111,
0100010110111000,
1111101111000000,
1111111111101100,
0100010000111000,
1111101111000000,
0010010000001000,
0011010111000000,
1111101111000000,
1111111111101100,
1111101110000000,
0000000100000000,
0100010101111000,
0001100101101110,
0100011000101111,
1111101000000000,
1111111111101100,
1111101001000000,
0000000000000001,
0000001000000001,
0100010001000000,
1111101111000000,
0010001110100110,
1111101010000000,
0000000000010000,
0100111111001010,
0001001000000000,
0100010001000000,
1111101010000000,
1000000000000000,
1111101011000000,
0000001000011001,
0000001010010011,
0100011000001010,
0001001000000000,
0100010001000000,
1111101010000000,
1000000000000000,
1111101011000000,
0000001000011010,
0000001010010011,
0100011000001010,
0100101000000000,
0010001101111100,
1111101111000000,
0010001110110110,
1111101010000000,
0000000000010001,
0100111111001010,
1111101111000000,
1111011010000111,
0100010111111000,
1111101110000000,
1111011010001000,
0100011000111110,
1111101111000000,
0010000111010000,
0100001110000111,
0100101000000000,
0010001101111100,
1111101111000000,
0010001111000110,
1111101010000000,
0000000000010010,
0100111111001010,
1111101111000000,
1111011010000111,
0100010111111000,
1111101110000000,
1111011010001000,
0100011000111110,
1111101111000000,
0010001010101001,
0100001110000111,
0100101000000000,
0010001101111100,
1111101111000000,
0010001111010110,
1111101010000000,
0000000000001100,
0100111111001010,
1111101111000000,
1111011010000111,
0100010111111000,
1111101110000000,
1111011010001000,
0100011000111110,
1111101111000000,
0010001011001101,
0100001110000111,
0100101000000000,
0010001101111100,
1111101111000000,
0010001111100110,
1111101010000000,
0000000000001101,
0100111111001010,
1111101111000000,
1111011010000111,
0100010111111000,
1111101110000000,
1111011010001000,
0100011000111110,
1111101111000000,
0010001011110001,
0100001110000111,
0100101000000000,
0010001101111100,
1111101111000000,
0010001111110110,
1111101010000000,
0000000000000110,
0100111111001010,
1111101111000000,
1111011010000111,
0100010111111000,
1111101110000000,
1111011010001000,
0100011000111110,
1111101111000000,
0010001100001110,
0100001110000111,
0100101000000000,
0010001101111100,
1111101111000000,
0010010000000110,
1111101010000000,
0000000000000111,
0100111111001010,
1111101111000000,
1111011010000111,
0100010111111000,
1111101110000000,
1111011010001000,
0100011000111110,
1111101111000000,
0010001101000100,
0100001110000111,
0100101000000000,
0010001101111100,
0100101000000000,
0010001101111100,
0100101000000000,
0000000001110111,
1111101011000000,
0000000000000000,
1111101111000000,
0000000001011100,
0100001100000111,
1111101111000000,
1111011010000111,
0100010110111000,
1111101111000000,
1111011010000111,
0100010111111000,
1111101110000000,
1111011010001000,
0100011000111110,
1111101111000000,
0000111011100101,
0100001110000111,
1111101111000000,
0010010011100111,
0011011111000000,
1111101111000000,
1000000000000000,
1111101110000000,
0000000000001001,
0000001111111110,
0100010000111000,
1111101111000000,
0010010000111010,
0011010111000000,
1111101000000000,
0000000000000001,
1111101111000000,
1111011010000111,
0100010111111000,
1111101110000000,
1111011010001000,
0100011000111110,
1111101110000000,
1111011010000111,
0100010111110000,
0100011000000111,
0001010111111000,
0100011000111110,
1111101111000000,
0000000011010111,
0100001110000111,
0100101000000000,
0010010001001011,
1111101000000000,
0000000000000000,
1111101111000000,
1111011010000111,
0100010111111000,
1111101110000000,
1111011010001000,
0100011000111110,
1111101110000000,
1111011010000111,
0100010111110000,
0100011000000111,
0001010111111000,
0100011000111110,
1111101111000000,
0000000011010111,
0100001110000111,
1111101111000000,
1000000000000000,
1111101110000000,
0000001000011111,
0000001111111110,
0100010000111000,
1111101111000000,
0010010001011111,
0011010111000000,
1111101111000000,
1111011010000111,
0100010111111000,
1111101110000000,
1111011010001000,
0100011000111110,
1111101111000000,
0000110000010011,
0100001110000111,
0100101000000000,
0010010001101000,
1111101111000000,
1111011010000111,
0100010111111000,
1111101110000000,
1111011010001000,
0100011000111110,
1111101111000000,
0000110010100110,
0100001110000111,
1111101111000000,
1000000000000000,
1111101110000000,
0000000000001101,
0000001111111110,
0100010000111000,
1111101111000000,
0010010001111100,
0011010111000000,
1111101111000000,
1111011010000111,
0100010111111000,
1111101110000000,
1111011010001000,
0100011000111110,
1111101111000000,
0000000111110100,
0100001110000111,
0100101000000000,
0010010011011110,
1111101111000000,
1000000000000000,
1111101110000000,
0000001000100001,
0000001111111110,
0100010000111000,
1111101111000000,
0010010010100000,
0011010111000000,
1111101111000000,
1111111111101100,
1111101110000000,
0000000000001001,
0000001111111110,
0010110000111000,
1111101001000000,
0000000000000110,
0100011000001000,
1111101111000000,
1111111111101100,
1111101110000000,
0000001000000000,
0100010101111000,
0001100101101110,
0100011000101111,
1111101111000000,
1111011010000111,
0100010111111000,
1111101110000000,
1111011010001000,
0100011000111110,
1111101111000000,
0000111110100110,
0100001110000111,
0100101000000000,
0010010011011110,
1111101111000000,
1000000000000000,
1111101110000000,
0000001000100000,
0000001111111110,
0100010000111000,
1111101111000000,
0010010011001100,
0011010111000000,
1111101000000000,
0000000000000000,
1111101111000000,
1000000000000000,
1111101110000000,
0000001000100000,
0000001111111110,
0100011000000111,
1111101111000000,
1111111111101100,
1111101110000000,
0000000000001001,
0000001111111110,
0010110000111000,
1111101001000000,
0000000000001100,
0100011000001000,
1111101111000000,
1111111111101100,
1111101110000000,
0000001000000000,
0100010101111000,
0001100101101110,
0100011000101111,
1111101111000000,
1111011010000111,
0100010111111000,
1111101110000000,
1111011010001000,
0100011000111110,
1111101111000000,
0000111110100110,
0100001110000111,
0100101000000000,
0010010011011110,
1111101111000000,
1000000000000000,
1111101110000000,
0000001000011111,
0000001111111110,
0100010000111000,
1111101111000000,
0010010011011110,
0011010111000000,
1111101111000000,
1111011010000111,
0100010111111000,
1111101110000000,
1111011010001000,
0100011000111110,
1111101111000000,
0001111111000000,
0100001110000111,
1111101111000000,
1111011010000111,
0100010111111000,
1111101110000000,
1111011010001000,
0100011000111110,
1111101111000000,
0010001101110100,
0100001110000111,
0100101000000000,
0000000001110111,
1111101011000000,
0000000000000000,
1111101111000000,
0000000001011100,
0100001100000111,
1111101111000000,
1000000000000000,
1111101110000000,
0000001000100010,
0000001111111110,
0100010000111000,
1111101111000000,
0010010100111111,
0011011111000000,
1111101111000000,
0000000000000111,
1111101110000000,
1000000000000000,
0000001111110111,
0100010010111000,
1111101000000000,
0000000000000000,
0010100001000010,
0010011010000010,
0001101010010000,
0001011000010001,
1111101111000000,
0010010100111111,
0011010111000000,
1111101000000000,
0000000000000001,
1111101111000000,
1000000000000000,
1111101110000000,
0000000000010110,
0000001111111110,
0100011000000111,
1111101000000000,
1000000000000000,
1111101001000000,
0000000000000000,
1111101010000000,
0000001001011000,
1111101111000000,
1111011010000111,
0100010111111000,
1111101110000000,
1111011010001000,
0100011000111110,
1111101110000000,
1111011010000111,
0100010111110000,
0100011000010111,
0001010111111000,
0100011000111110,
1111101110000000,
1111011010000111,
0100010111110000,
0100011000001111,
0001010111111000,
0100011000111110,
1111101110000000,
1111011010000111,
0100010111110000,
0100011000000111,
0001010111111000,
0100011000111110,
1111101111000000,
0000000010011000,
0100001110000111,
1111101000000000,
0000000000000000,
1111101111000000,
1000000000000000,
1111101110000000,
0000000000010101,
0000001111111110,
0100011000000111,
1111101000000000,
0000000000000001,
1111101111000000,
1000000000000000,
1111101110000000,
0000000000010110,
0000001111111110,
0100011000000111,
1111101111000000,
1111011010000111,
0100010111111000,
1111101110000000,
1111011010001000,
0100011000111110,
1111101111000000,
0000110101000100,
0100001110000111,
0100101000000000,
0000000001110111,
1111101011000000,
0000000000000000,
1111101111000000,
0000000001011100,
0100001100000111,
1111101111000000,
1111011010000111,
0100010111111000,
1111101110000000,
1111011010001000,
0100011000111110,
1111101111000000,
0001000110100010,
0100001110000111,
1111101111000000,
1111011010000111,
0100010111111000,
1111101110000000,
1111011010001000,
0100011000111110,
1111101111000000,
0000111000011110,
0100001110000111,
1111101111000000,
1000000000000000,
1111101110000000,
0000000000010110,
0000001111111110,
0100010000111000,
1111101111000000,
0010010101110111,
1111101110000000,
0000000000000001,
0100111111000110,
1111101111000000,
1111011010000111,
0100010111111000,
1111101110000000,
1111011010001000,
0100011000111110,
1111101111000000,
0001000001101110,
0100001110000111,
0100101000000000,
0010010111000111,
1111101111000000,
0010010110000111,
1111101110000000,
0000000000000010,
0100111111000110,
1111101111000000,
1111011010000111,
0100010111111000,
1111101110000000,
1111011010001000,
0100011000111110,
1111101111000000,
0001000011101001,
0100001110000111,
0100101000000000,
0010010111000111,
1111101111000000,
0010010110010111,
1111101110000000,
0000000000000011,
0100111111000110,
1111101111000000,
1111011010000111,
0100010111111000,
1111101110000000,
1111011010001000,
0100011000111110,
1111101111000000,
0001101110110110,
0100001110000111,
0100101000000000,
0010010111000111,
1111101111000000,
0010010110100111,
1111101110000000,
0000000000000110,
0100111111000110,
1111101111000000,
1111011010000111,
0100010111111000,
1111101110000000,
1111011010001000,
0100011000111110,
1111101111000000,
0010010000001010,
0100001110000111,
0100101000000000,
0010010111000111,
1111101111000000,
0010010110110111,
1111101110000000,
0000000000001001,
0100111111000110,
1111101111000000,
1111011010000111,
0100010111111000,
1111101110000000,
1111011010001000,
0100011000111110,
1111101111000000,
0010010011101001,
0100001110000111,
0100101000000000,
0010010111000111,
1111101111000000,
0010010111000111,
1111101110000000,
0000000000000101,
0100111111000110,
1111101111000000,
1111011010000111,
0100010111111000,
1111101110000000,
1111011010001000,
0100011000111110,
1111101111000000,
0000111111110100,
0100001110000111,
0100101000000000,
0010010111000111,
1111101111000000,
1111011010000111,
0100010111111000,
1111101110000000,
1111011010001000,
0100011000111110,
1111101000000000,
1111101100111100,
1111101001000000,
0000010010110000,
1111101010000000,
1111011010001100,
1111101111000000,
0000000010000111,
0100001110000111,
0100101000000000,
0000000001110111,
1111101111000000,
1111011010000111,
0100010111111000,
1111101110000000,
1111011010001000,
0100011000111110,
1111101111000000,
0010010101001010,
0100001110000111,
0100101000000000,
0010010111011000
;
